id,created_at,username,lang,text
819912904992428032,2017-01-13 14:24:04,UnicornEllie,und,üíÅüèº https://t.co/MfSCI5nUhm
819912904250195969,2017-01-13 14:24:04,YES2ForScotland,en,@JohnKWad @Deasbad @BBCScotNewsdesk @BBCScotlandNews Not in my fairly long lifetime
819912889968377857,2017-01-13 14:24:00,tmj_lon_adv,en,We're #hiring! Read about our latest #job opening here: Marketing Intern - Merrell (12 Month FTC) - https://t.co/SB1SmiK42V #London
819912881307271168,2017-01-13 14:23:58,jtweeterson,en,"@OyLilley Not averse to a bit of comedy name calling of my own, Oy, but not remotely in your league. H/t to a true master baiter of power"
819912878832631808,2017-01-13 14:23:58,LeePatmore,und,@Joetownsend1664 #Legend !!!!
819912877901512704,2017-01-13 14:23:57,jack_lewis63,en,"@Everton I have a large gas and electric bill that needs to be paid, now Niasse is off the books, fancy chipping in?"
819912864974639104,2017-01-13 14:23:54,waldersliqueur,en,"When it's #freezing cold outside, or in the #snow, Warm your soul with the great #Walders. Get the heat up! #Snowmageddon"
819912863867342849,2017-01-13 14:23:54,everythingisrad,en,"Toucan, play that game https://t.co/rCX6FWPeoK"
819912850575605767,2017-01-13 14:23:51,YanaStajno,und,@doan1935 @nickreeves9876 yep.
819912845857067008,2017-01-13 14:23:50,Tsar_Nicholas,en,@ProfChalmers @BBCNews clearly they've not heard of machines which do this for you...
819912813149913088,2017-01-13 14:23:42,jonny_carps5,en,@DanielSimmons93 Ah shame. I'm going to be in London most of the evening as it's Kent's birthday so was wondering if you fancied joining
819912807219077121,2017-01-13 14:23:41,yazabellle,en,@Passiko covering the first 4
819912804010487808,2017-01-13 14:23:40,JensMischief,en,17 global development clich√©s to avoid in 2017 https://t.co/pSHiteLzDg  Thanks for sharing @mademoisielle
819912803800797185,2017-01-13 14:23:40,tariqpanja,en,Was cheaper to sack Mourinho second time around because Chelsea changed manager contracts. New policy pays comp until manager finds new job
819912802873778179,2017-01-13 14:23:40,Ora_Home,en,"@mark_uk2811 Thanks for entering, Mark! Good luck!"
819912798192996353,2017-01-13 14:23:38,Johnboy_Cook,en,"@lunglock @rhodria @TeganFawn I don't.

Is that where I'm going wrong?"
819912789078790144,2017-01-13 14:23:36,lyndac1234,en,@superdrug @BHF_Whitening RT &amp; follow 2 #WIN 1 of 3 @BHF_Whitening teeth whitening bundles!
819912745739022337,2017-01-13 14:23:26,BlairDickens,en,It's about #life experiences. #travel #London #England #UK #freedom #photo https://t.co/ojvjfKe14b
819912742907871233,2017-01-13 14:23:25,ZakLondump,tl,"@VOPministry @ScadyW @Nova153 @EetR_National @MetaTVFrance @bpblog2 @ProphecyDepot @KEMARL1FAM üì©
üñºÔ∏èBig(PNG)30.000px:
https://t.co/ppqk5kqA95"
819912717519769600,2017-01-13 14:23:19,Albamei_22,en,Snow day in Bonitots üòÑüòçüë¶üëßüå®‚òÉ‚ùÑ #SnowDay #FanDay #Snowman #SnowBalls #Friday #Bonitots #MyTots @‚Ä¶ https://t.co/lhspujROmY
819912713891708928,2017-01-13 14:23:18,Albamei_22,en,Snow day in Bonitots üòÑüòçüë¶üëßüå®‚òÉ‚ùÑ #SnowDay #FanDay #Snowman #SnowBalls #Friday #Bonitots #MyTots @‚Ä¶ https://t.co/XVmRV5bR1G
819912710947225600,2017-01-13 14:23:18,MentalHealthM,en,"YES! That's another  #sign everything's going my way: I am the master of the 27s, 84s and 85s: Dan Evans 1,227 Tweets #friday13th"
819912686821588992,2017-01-13 14:23:12,angelelbh,en,"London 2017 üåç‚ùÑÔ∏è @ London, United Kingdom https://t.co/W1ou70lQ2Q"
819912678147756032,2017-01-13 14:23:10,niallerdiaries,en,"#ThingsWeDontNeedIn2017
 VIOLENCE
 TERRORISM
 INJUSTICE WITH ANIMALS
 UNFAIR LAWS
ONE DIRECTION HIATUS"
819912677686382592,2017-01-13 14:23:10,Guidiary,en,Very interesting... https://t.co/uKE26KaxAS
819912665409667072,2017-01-13 14:23:07,EtceteraTheatre,en,"How we Think we Think by @htohtheatre is SOLD OUT ! 
#BlackBox"
819912662041686016,2017-01-13 14:23:06,The_SneakyZebra,und,@SqueakehB 'Sup
819912647491649536,2017-01-13 14:23:03,AlexKokcharov,en,@NoahSneider @MoscowTimes &amp; @Matthew_Kupfer should check MT's Google Analytics ;-)
819912627069550593,2017-01-13 14:22:58,JJPJ,en,It's times like this you find out who your friends are... https://t.co/qNCeIlCEg3
819912620392189952,2017-01-13 14:22:56,elliefincham19,en,I'm ngl I use my nutri-bullet to make chocolate milkshakes #health
819912619003785217,2017-01-13 14:22:56,YoungGreenParty,en,Do you want to work for the Young Greens? We are recruiting for a Young Green/Student Organiser! Find out more at‚Ä¶ https://t.co/dJxcSaJpXF
819912615539462144,2017-01-13 14:22:55,NeilSPrice,en,Where there's snow there's a mug of tea to be drunk‚òïÔ∏è when there's #Snowmageddon there's a kettle to put on‚Ä¶ https://t.co/caBYlHJr4q
819912611668127746,2017-01-13 14:22:54,MrsDudeney,en,"@VivaLewes Very well. Let's bypass Pinker. DM me the questions, please."
819912610879602689,2017-01-13 14:22:54,MrVicks,en,When was this? https://t.co/Sm5acsyMPF
819912603417845761,2017-01-13 14:22:52,CalthorpeProj,en,hi @lizziewoods please share to help us get votes for #olderpeople in #kingscross  https://t.co/sqJj9GEpzy https://t.co/qgg8rBpdBW
819912599932256256,2017-01-13 14:22:51,GoodSpaGuide,en,Supreme Spy with the wonderful Danielle Allen at the spa-kling opening of the ukcarita Suite at‚Ä¶ https://t.co/xHnHoHtAuJ
819912585298505728,2017-01-13 14:22:48,StirringTrouble,en,"That #TrumpDossier , it's a joke, people. How they had the nerve to present it as an 'intelligence assessment' I have no idea. A farce."
819912581519437824,2017-01-13 14:22:47,LaurenceCPFC,en,Pay whatever and get them both https://t.co/P4P6TMPW6z
819912574678532097,2017-01-13 14:22:45,nolanflaherty,en,bought this beautiful sculptural keychain today. I love abstract accessories. https://t.co/0JEwiZQWIL
819912571058880513,2017-01-13 14:22:44,_AnthonyTweets,en,Let the trash take itself out...
819912570576498688,2017-01-13 14:22:44,SamChipperfield,en,@Grumpybaldbloke dunno never seen one lol you must have haha?
819912532458610689,2017-01-13 14:22:35,bigtobz,und,@soulohlove @FACTmag @BigTobzsf
819912526381121536,2017-01-13 14:22:34,LaurenceCPFC,en,Dickheads üòÇüòÇüòÇüòÇ https://t.co/NAg3ZvSjUO
819912518915293184,2017-01-13 14:22:32,MrVicks,ht,Lmaooo https://t.co/moDfPRPpgr
819912514658009088,2017-01-13 14:22:31,RavenWitchShade,en,"@ben300 oooh, they finished it? :D"
819912511965302784,2017-01-13 14:22:30,Rockett_Science,en,I think we now know why @reaIDonaldTrunp hair is yellow!
819912505426345984,2017-01-13 14:22:29,TotallyTopical2,en,@Nick_1683 @danmears1010 It's incredible how those of the Left have aligned themselves with Fascism.Self-appointed apologists for atrocities
819912499961151489,2017-01-13 14:22:27,SeawayYacht,en,#Yachtdelivery #SeawayYacht delivering a #bavaria37cruiser from #Portsmouth to #Gibraltar
819912488598851586,2017-01-13 14:22:25,Johnboy_Cook,en,"@lunglock @rhodria @TeganFawn Pros: likes travelling
Cons: regularly forgets to wear trousers"
819912478914125824,2017-01-13 14:22:22,sirraysofdavies,und,@flyinglemon1 yes.
819912473486782464,2017-01-13 14:22:21,ShareOurStyle,en,Surely it's never to early for an #espressomartini?! It's nearly the #weekend #Accessorise with‚Ä¶ https://t.co/tf9wJORnZy
819912468495560710,2017-01-13 14:22:20,_elgrace1,en,Why do places make it so important that study rooms are freezing!? My hands have such shit circulation typing is near impossible
819912461688143873,2017-01-13 14:22:18,UKFILMCRITIC777,en,"I know that the creator of The Exorcist passed away, but if you're a Christian and you've actually watched The Exorcist, you need to repent."
819912451399553024,2017-01-13 14:22:16,jpkesseler,en,"@PaulForMayor @ChristianJMay Head, meet Desk."
819912437394763776,2017-01-13 14:22:12,Ora_Home,en,"@georgetheminer Thanks for entering, George! Have a lovely weekend üòä"
819912428947472384,2017-01-13 14:22:10,jocksdownunder,en,Brilliant. Nothing better! https://t.co/YWBx8FYrK2
819912420458119169,2017-01-13 14:22:08,Mart2010x,en,"@Connor_Davidson would it be fair to say you're not a #CTAG fan then? Each to their own, in my opinion, there's fruit to be had here in 2017"
819912418797244416,2017-01-13 14:22:08,celticspiral,en,London. @ Carnaby London https://t.co/4YM2nFeEQG
819912403311874049,2017-01-13 14:22:04,LorenzoVianello,en,@FedericoBorello is about to present at the AA #drl final jury https://t.co/6bGv2HmV8q
819912400388427777,2017-01-13 14:22:04,BDayATRL,und,üòÇüòÇ https://t.co/soSDhZFkQX
819912396420616194,2017-01-13 14:22:03,chapmadd,en,@TheFalcoholic Great write up and exactly summarizes what we have on the line tomorrow. Optimistically hoping we change our history.
819912390812770305,2017-01-13 14:22:01,DagmaraLacka,en,Hello world! I am Pepper @iot_boldmind https://t.co/XAmTHUiZd1
819912376803885057,2017-01-13 14:21:58,kirjatoukka,en,"@dhothersall You could, of course, demonstrate your point by listing Hunt‚Äôs successes as an MP. Or you could just act offended."
819912373515546624,2017-01-13 14:21:57,Robauren,en,There are so many decent films being released this month.. Did they just hold all of last year's films back for an ultimate film year?
819912358160175104,2017-01-13 14:21:54,manfamartin,en,@divinechocolate I don't want the panic to come across here but can you pls confirm the dark with orange and ginger is not limited edition??
819912356688003072,2017-01-13 14:21:53,frejalkane,en,"Have you used my discount yet on @MikasaBeauty?‚ú® enter FREJALBEAUTY15 at the checkout and get 15%% off!!! I love their brushes, so softüòç"
819912346571309057,2017-01-13 14:21:51,cphartbathrooms,en,Read our recent Q&amp;A with @kbbreview @HouseofHackney and Christian Sieger regarding bathroom desgin &amp; trends for 2017 https://t.co/7s8Cq6ZXGH
819912346449641473,2017-01-13 14:21:51,firenze69,und,@ScottAndyLewis @marksparkyb85x @BCallifornia @boyafraid1986 @chris_lala üòçüòçüòòüòò
819912331241078784,2017-01-13 14:21:47,Bea_OConnor25,en,"Picture the my life!
In front of two dance!
#dancedancedance #ILoveIt 
#Picture #MyLife https://t.co/rJpZUcKSTM"
819912313746714625,2017-01-13 14:21:43,Leigh_Pickett,en,"As weather conditions worsen, please RT this list https://t.co/FHanZpEf0p of emergency London Winter Shelters 2016-‚Ä¶ https://t.co/HygxXmFOgS"
819912313285308417,2017-01-13 14:21:43,jbanningww1,en,@Dan_Hill86 @andrewjohnlock Rub them with whale oil
819912307438456833,2017-01-13 14:21:41,Farah_Lou,en,'I don't know her either' https://t.co/C3y58VtRzN
819912306960244737,2017-01-13 14:21:41,PaulPurcell11,en,@StevePenk you are welcome sir .
819912296793276416,2017-01-13 14:21:39,MrVicks,en,I'm sorry https://t.co/rh4yu5lWcE
819912278476812289,2017-01-13 14:21:35,LittlesCars,en,Our London Business Development Manager has set up office for the afternoon #Chauffeur  #London #TravelManagement https://t.co/V9qxneXT7K
819912268074909701,2017-01-13 14:21:32,HafsoaBahmed,en,#SkillsAndDrills: NG training. 22 nurses updated in their practice. #safe @SignUpToSafety @NHSBartsHealth https://t.co/xDREZs3ZjX
819912262324523008,2017-01-13 14:21:31,KaveJonson,en,fammmmm @VHV__ blud how can she slap? why u ignore?
819912221643915264,2017-01-13 14:21:21,Farah_Lou,en,It's been like a year and I'm still not over Joe McElderry wearing UGG boots in the Joseph Tour promo pics
819912219911659521,2017-01-13 14:21:21,80195814,en,@Stephenwalrond just like when I opened it! üòñ
819912211636297729,2017-01-13 14:21:19,BDayATRL,en,when apple pay randomly sends u notifications of the amount of money u spent today https://t.co/ZsSEEgJu4d
819912203549732865,2017-01-13 14:21:17,rockyourfacemua,en,"#FF #friday13th to new followers #happyweekend @CosmedicCoach @meandmillie @GloucesterWRC @iwheelermakeup
Image:‚Ä¶ https://t.co/y2qQbhoEet"
819912185371455488,2017-01-13 14:21:12,DaiIyLONDON,en,GALLERY: Your pictures of the first snow of 2017 https://t.co/tQ3MvOy6iB #London https://t.co/U5RE0dW08V
819912185103126529,2017-01-13 14:21:12,oxTheMaestroxo,en,@MattCarterCFC @leemunns @MrNH11 unreal scenes when we get Arsenal in the 5th round of the FA cup and F√†bregas scores a last minute winner
819912180774694914,2017-01-13 14:21:11,SHACK15hub,en,London-based Robotics Startup @StarshipRobots had Closed $17.2 million Seed Round. Read: https://t.co/6H8Mr74TZL #AI #Robots #Tech #startup
819912177582829568,2017-01-13 14:21:11,TotallyTopical2,en,@Nick_1683 It's incredible how those of the Left have aligned themselves with Fascism. Self-appointed apologists for atrocities.
819912170473459712,2017-01-13 14:21:09,awgasms,en,Regents Park is so pretty https://t.co/G4qXmY2AFx
819912170402091008,2017-01-13 14:21:09,AmetDj,en,Do you see the same thing I see here? TAIKO NO TATSUJIN IS COMING TO SWITCH! (And Switch is region free!)‚Ä¶ https://t.co/wxcFKCBr4k
818493364844761091,2017-01-09 16:23:19,M0MJH,en,@simonmayo Head feels mushy!
818493346255687681,2017-01-09 16:23:15,FlorenceRawish,en,Not usually this excited about seeing a film üëåüèº #lalaland #ryangosling #emmastone #7goldenglobes üå∏ https://t.co/ZUylY0berX
818493337946771462,2017-01-09 16:23:13,thterweiden,en,"Proud to sponsor #IFGS2017 Check it out here
https://t.co/yylvTtYwuc
@InnFin 
@InvestHK_LDN 
@InvestHK 
@HongKongFinTech 
@charlesdhaussy"
818493332598861824,2017-01-09 16:23:12,DaiIyLONDON,en,India v England: Eoin Morgan's family affected by criticism https://t.co/4ieiLP5PbI #London https://t.co/ImtZJt2pX2
818493327960113152,2017-01-09 16:23:10,ryan_defreitas,ht,Silvachair #FootballerBands
818493316186697729,2017-01-09 16:23:08,A_Rockas,en,@XHNews 1) the @cia leaked @Panamapapers to German Newspaper to discredit Pres Putin and lost 2) @realDonaldTrump  so now trying again blame
818493310759272448,2017-01-09 16:23:06,Bridgeanne,en,@KHA_LRC @KHAEnglish @KHaroldAcademy Thank you so much!
818493298730004480,2017-01-09 16:23:03,Rentify,en,@Maeve_Lock Hi Maeve! We‚Äôve had some telephone issues today but they‚Äôre resolved now. (You can always reach us on https://t.co/45o2Duch6J!)
818493297417158658,2017-01-09 16:23:03,Challenge_Tour,en,"‚ÄúYou never really believe it is in until you get to the green and see it for yourself.‚Äù 

Law on Shot of the Year:‚Ä¶ https://t.co/F9bmeoN6id"
818493289267597312,2017-01-09 16:23:01,Dirtywknd,en,"Routes are up for the @Viva_Velo ride on Sat. Poss change due to weather, but have a look and sign up https://t.co/SJOhaZ8kJT #cycling #AATR"
818493284700012544,2017-01-09 16:23:00,NPBalham,en,@balhamarms Not sure I could work from the pub! I don't take the tube so it was a breeze getting here today. Tomorrow's another matter......
818493272880545796,2017-01-09 16:22:57,milkbarsoho,en,Soul man ... Old Man ... all singing all trumpeting baristas @milkbarsoho starring ‚≠êÔ∏è‚≠êÔ∏èüåüüí´‚ú®‚Ä¶ https://t.co/0YZcp3OP8h
818493260574425088,2017-01-09 16:22:54,owenhatherley,ro,"Zygmunt Bauman RIP, apparently https://t.co/92biKPfzvK"
818493254429720580,2017-01-09 16:22:53,D_Polo_,en,@footballitalia all yours @GenoaCFC  ahaha
818493250722009089,2017-01-09 16:22:52,damawa42,en,@dom_justintime What are you charged with?
818493250722004993,2017-01-09 16:22:52,INPLAYK1NG,en,Starting from fresh to record all Profit for the better off system. The challenge BET will be banked and we will st‚Ä¶ https://t.co/7DF7EuIi7y
818493236775964672,2017-01-09 16:22:49,neilbevan3,en,Well done @TfL you should be so proud of your selfs üëá https://t.co/gGqpZ3XCPB
818493225770094592,2017-01-09 16:22:46,TheRobynPierce,en,"@lucypope @rubbishles @edencarterwood This amused me. Sarah &amp; Eden, I demand to see you. Fri? Sat? xx https://t.co/hCk1sojDRZ"
818493195734622208,2017-01-09 16:22:39,M0MJH,en,"@LeRoiHaptalon Twit! :p Either that, or you need your eyes tested again! :p"
818493190609182725,2017-01-09 16:22:38,HaloVue,en,"Piece to camera by our drone , no problem for these two professionals.  @alexberesfordTV @damongreenITV  https://t.co/vAkf2LrKBH"
818493186410762240,2017-01-09 16:22:37,W1Girl,en,@Uber_Support how can I correct my payment for my driver? The app ended my ride before we finished. I need to adjust the final address.
818493186402349062,2017-01-09 16:22:37,SucasaBeats,en,@UrbanLoveUlcer You could have jammed on it whilst taking a dump?
818493186221998080,2017-01-09 16:22:37,Lawrence7,en,So much for the 'caring' Theresa May. Apparently my Danish wife is now regarded as 'negotiating capital'. https://t.co/oVihFc3o99
818493185626435584,2017-01-09 16:22:36,GabyDevereux,en,@TfL thought you were putting on more buses? And then the buses that do run let passengers on before the bus stop. Shoddy shoddy shoddy
818493184711888897,2017-01-09 16:22:36,ScottBainbridg1,en,@JohnSmaleMedia @C_E_R_T_UK @Supergios @timfarron Don't forget that one agent responded to the floods by immediatel‚Ä¶ https://t.co/DPr3BvHrCW
818493179838205952,2017-01-09 16:22:35,jnope,en,@jznghoseok stop use @jnope please
818493162557677568,2017-01-09 16:22:31,uhavemail,en,Four years later and I'm still worrying about your ass üåöüòí
818493161777561601,2017-01-09 16:22:31,simonevans117,en,@Flo_Wilk @realDonaldTrump here it is ü§¢
818493127904346112,2017-01-09 16:22:23,got_twd,en,@power_glover @camilacabewhoa @SeanMccarron46 @gameinformer Game and dlc are overrated. Absolute garbage combat and movement
818493113748561922,2017-01-09 16:22:19,bezz100,en,"@rougek68 And what %% of the pop is on ritalin, anti-depressants, statins, Sleeping pills?  The plan is nearly complete!"
818493110359617540,2017-01-09 16:22:19,expat_help,en,"We‚Äôre specialists in #expat relocation, housing, schooling and tax in The #Netherlands! Want to know more? Visit:‚Ä¶ https://t.co/ORtQ4aZTxc"
818493091527192579,2017-01-09 16:22:14,amberahearn,en,"I'd rather be dancing than revising @ The Oval, London https://t.co/7IrC6lTN0Z"
818493088586940416,2017-01-09 16:22:13,Bea_a_Bea,en,@Laura_Ray96 yep hopefully a fourth holmes sibling
818493074464763908,2017-01-09 16:22:10,GOROBERT1987,und,https://t.co/Qd9qOhCf3m
818493071956516868,2017-01-09 16:22:09,robscott33,en,@Sportando how high level? I didn't like much of what I saw at FIBA Americas in 2015... dude is a black hole on offense
818493065375731713,2017-01-09 16:22:08,Libyancrude,en,@LibyaLiberty I never understood these gold bugs. You have no incentive to save others. Vote with your money and call it a day. haha
818493040167886849,2017-01-09 16:22:02,PropPersonnel,en,"UK #property supply falls by nearly half in December according to data from @Housesimple 

https://t.co/MGS0dnSaNh"
818493030776737792,2017-01-09 16:22:00,karsynrobb,en,"You heard 'em üêæüê© @ London, United Kingdom https://t.co/Gejdwx0NE4"
818493019934654466,2017-01-09 16:21:57,worldoffinewine,fr,2016 #wineawards global winner Robuchon au D√¥me maintains gastronomic excellence w @Michelin https://t.co/TPmV2l7Vzs https://t.co/bYO7JFYkpG
818493018521161728,2017-01-09 16:21:57,captainboo,en,Why didn't the awards gods shine down on us and gift us with a photo of Viggo &amp; Jeffrey Dean Morgan together?
818492988879994880,2017-01-09 16:21:50,Pollage,en,@RosieChad because people make bad ones (;
818492966226558980,2017-01-09 16:21:44,cicerosvilla,en,@dvd_mcf Manchester needs a beach still https://t.co/4gC9ZXK0hd
818492941421449216,2017-01-09 16:21:38,BritLizHilton,en,@TheTwoMikes Thought you may like this voucher seeing as I don't drink. ¬£60 fraction of what you spend. https://t.co/jdFjzoZaBB
818492919703289858,2017-01-09 16:21:33,BlackfenUnited,en,Congratulation to @DanielTidnam on his MOTM win in yesterday's defeat #BUFC #UTF
818492913516740608,2017-01-09 16:21:32,_ElyPheasant,en,"Don't get me wrong I back the strike and people striking, it's just lfm"
818492913172758528,2017-01-09 16:21:32,GlenfallH,en,@FlowersCotswold NEW Luxury Country House Venue in the Cotswolds! Licensed for beautiful indoor &amp; outdoor ceremonie‚Ä¶ https://t.co/csgR1y8VZl
818492912199696384,2017-01-09 16:21:31,zomboscasa,und,"https://t.co/hj3hcf5nbp 
@mPICASSOm @MuseePicasso @vangoghmuseum @rijksmuseum @museodelprado @UffiziGalleries #art #abstractart #paintings"
818492911415345153,2017-01-09 16:21:31,ImBaz_,en,@Veriified419 stopüòÖ. She'll say you're mocking black women because you prefer longer hair
818492907732746240,2017-01-09 16:21:30,LadyLoveLDN,en,@luisaomielan lol mine arrived this morn... tho I follow @johnmcdougallmd @TColinCampbell both doubt vitamins esp D... we need sunshine ‚òÄÔ∏è x
818492903337115649,2017-01-09 16:21:29,KyStuckey,en,"@RickParfittJnr Memories that will last a lifetime, Rick!!! üôãüôã‚Äç‚ôÇÔ∏è- He doesn't get away ""THAT EASY"" !!!üö∂üòÇüòÖüòÜüòúüëäüëåüëåüèªüëèüëèüèª :-P x x x! &lt;3‚ô•‚ô°‚ù§üíôüé∏üé§üé∂üéµ"
818492895766290433,2017-01-09 16:21:27,ErrolDouglas1,en,International press contacted me about this shoot with my good friend xtoff_ we did it years ago‚Ä¶ https://t.co/Z8icXYbbHI
818492887017127936,2017-01-09 16:21:25,pierogi404,en,Either way i gave up and went home. Todays just not the day. https://t.co/PgHMJgUiy9
818492878645137408,2017-01-09 16:21:23,TMBII_LDN,en,üçÑCheck out our SS17 collection.......New stock added daily üçÑ#fashiondesigner #fashionph‚Ä¶ https://t.co/YWxmH5O2C2
818492877814669312,2017-01-09 16:21:23,JossJaycoff,en,when walking the streets ‚ú®üåñ #selfie #guys #makeup #boombox #black #lipstick #leatherjacket‚Ä¶ https://t.co/MFkBcTRMJO
818492872618115076,2017-01-09 16:21:22,xSiobhan_Gagex,en,@VodafoneUK are the worst phone company ever cannot wait for my contract to end üò´üò°
818492861389963264,2017-01-09 16:21:19,theweeflea,en,@Dabeach @lgscotland Don't you see whats happening?  This is not about Indy - its about being in the progressive EU. Nicola is killing Indy.
818492857338081280,2017-01-09 16:21:18,GeorginaParry1,en,Good to be back #london #kennelclub #photography @ The Kennel Club https://t.co/j6qYTtrrTC
818492850350395393,2017-01-09 16:21:17,KWDsolutions,en,"Recruitment Manager, Leila, in her element in Victoria Beckham. The design and atmosphere of‚Ä¶ https://t.co/I19Ov8PToS"
818492792020369408,2017-01-09 16:21:03,stowmarkethaart,en,Making the move to Stowmarket? https://t.co/rBTjbR2GGr https://t.co/R2u3gZIWbq
818492789101096961,2017-01-09 16:21:02,Appy_61,en,@MaraCarlyle @LiamByrneVdG @LCOrchestra it'll be fab-you may have to mix your sound with reversing signal 'this vehicle is reversing' üòÇüòÇüòÇ
818492779676442625,2017-01-09 16:21:00,StMungos,en,Laugh Your Hat Off for St Mungo's. Enjoy a night of #standupcomedy @BackyardBarE2 on 26th Jan: For tkts:‚Ä¶ https://t.co/kRlbGQIa3i
818492776639766528,2017-01-09 16:20:59,zomboscasa,und,"https://t.co/hj3hcf5nbp
 @Ninoskaggk8 @FLegatheaux @HolisterEmma @MartaMarturet @Manemond @MuseumModernArt @museodelprado #galleryart #art"
818492766422437889,2017-01-09 16:20:57,RhysLewisMusic,und,@noteapleeeease @BBCR1 @claraamfo @bbcintroducing @MarkForrestShow @BBCIntroOxford üôè
818492763209691136,2017-01-09 16:20:56,Laird_Walder,en,They must be using night vision on the estate as its now dusk and I can still hear #shooting - unless the #pheasants are glow in the dark.
818492760839831552,2017-01-09 16:20:55,MeridienPorts,en,Get ready for the cold with The Jeep range 4x4 capabilities.Heated Seats/Active Sports Suspension #snow2017‚Ä¶ https://t.co/d0gqjtLPQb
818492757660594176,2017-01-09 16:20:54,Dirk2112,en,"@tlewisisdope yeah, every 6 months I get really jealous of my brothers radio voice"
818492756729348096,2017-01-09 16:20:54,andrew_porter,en,RTYI @GrayConnolly https://t.co/of7LvV3Ci9
818492746914734086,2017-01-09 16:20:52,Bridgeanne,en,I am trying to share my new website but Twitter won't let me put on profile yet. HOWEVER - here it is https://t.co/N2GcfzHDFa @AnneClarkLit
818492733186854912,2017-01-09 16:20:49,supergolden88,en,@NadiasRecipes @FabFood4All @cherubpaddock thanks for the shares!
818492703730241536,2017-01-09 16:20:42,MissSuzeH,en,@jasonsfolly @Ninitosca awe thank you üòç... War films are safest no laughing = no coughing
818492702459396097,2017-01-09 16:20:41,GaryAPrince,en,"@SouthernRailUK why the 15:38, 16:08 &amp; 16:38 LBG to UCK cancelled tonight?"
818492701427568645,2017-01-09 16:20:41,diakodeeda,en,"Our gig @ the O2 Academy2 last Saturday - Thank you to all that came out to support us, and all‚Ä¶ https://t.co/MHphygrdjK"
818492693491884038,2017-01-09 16:20:39,D_Polo_,no,@TransfersCalcio @G_Lapadula @LostIDOfficial artist ustai ske gje
818492675997503489,2017-01-09 16:20:35,Yurdacool,en,@lastminute_com thanks but I sorted it out with Turkish Airlines directly. If I hadn't called them my mum would not be able to fly home.
818492649229389825,2017-01-09 16:20:29,philnpa,en,"Thinking about your startup and your product to make it noticeable, it's also thinking about‚Ä¶ https://t.co/re2GzXH1iC"
818492640454905857,2017-01-09 16:20:26,GlenfallH,en,@SunagoUnique NEW Luxury Country House Venue in the Cotswolds! Licensed for beautiful indoor &amp; outdoor ceremonies‚Ä¶ https://t.co/Wuu2UtY1sL
818492635048542208,2017-01-09 16:20:25,ryan_defreitas,en,All Pigs Must Dier #FootballerBands
818492622926909440,2017-01-09 16:20:22,SeanTheStorm147,und,üôåüèªüôåüèªüôåüèªüëëüëëüëë https://t.co/eYzUnV37cy
818492622369157120,2017-01-09 16:20:22,A_Rockas,en,"@FT Isis loses territory in Syria cos of Russian action! 
 US/@JohnKerry colusion ISIS:https://t.co/14b4VEdDZO
https://t.co/y3wYSzbVoL"
818492619160518656,2017-01-09 16:20:21,Pollage,en,@RosieChad great for marketers. Basically gonna be like tv for users?
818492607827476480,2017-01-09 16:20:19,MSClassical,en,"New year, new rep. Check out the additions to our #saxophone catalogue. https://t.co/mgtmXviuRS https://t.co/zoRCgwvhw8"
818492604383903747,2017-01-09 16:20:18,samd_official,en,@GraceMandeville ey I'm game! üôãüèº‚Äç‚ôÇÔ∏è loved hanging with you guys at the BONCAS ‚úåüèºsure we could come up with something fun @AmeliaMandev
818492601057812480,2017-01-09 16:20:17,iBOGARD,en,#Yaaaoooo doin dat Boateng thang mang with @igotnext #BespokenWord lol! #TheBlackShadowStyle‚Ä¶ https://t.co/XSj3fIbdrB
818492588969836545,2017-01-09 16:20:14,Libyancrude,en,@LibyaLiberty Hend run away before he convinces you to build a shelter and to trade in your fiat currency for gold.
818492587820597249,2017-01-09 16:20:14,laurent_bannock,en,Busy day in @GuruPerformance lab! Constantly impressed as to the value of physiological testing to guide performanc‚Ä¶ https://t.co/5KxL82ZmpY
818492587640242181,2017-01-09 16:20:14,leevaughan,en,@SuRoRowson @ChrisGrose2 @wildgeeza @irm_sb @Steve_Wardell @DavidClose63 @HScrimble 16.08 just was cancelled !
818492587346718720,2017-01-09 16:20:14,jonny_burns,und,@sophie_1806 #FirstWorldProblems
818492569717981185,2017-01-09 16:20:10,fryld,und,((-: @saravastiares @MarkGKirshner @patdefranchis @oadele53 @Choco_Sandy1 https://t.co/felPFE5WPT
818492566702358528,2017-01-09 16:20:09,PeterThurlow,en,@normanlamb Go ahead...
818492566605856769,2017-01-09 16:20:09,StephenCM98,en,@KaraNSlade this is from SSilas Kentish Town (photo courtesy of @churchcrawler) explaining about epiphany chalking https://t.co/vvUvUGdaDY
818492547332849664,2017-01-09 16:20:04,benmwood3,en,"#gym day, was going to lift but hamstrings said no. Feeling the 16 mile #run from yesterday.‚Ä¶ https://t.co/g04oaPnBOf"
818492542580887553,2017-01-09 16:20:03,LBACSimon,en,@Mr_Perry11 @JacquiOatley not all of us are that confident about staying up üòâ
818492538105511936,2017-01-09 16:20:02,kamagrau,en,#Caverta #Tablets is very effective and successful medication with no any  serious side effects increasing the men‚Ä¶ https://t.co/eV5K4Ad3MQ
818492528391557121,2017-01-09 16:20:00,joshbythesea,en,"Sounds like a sext. It's not, thankfully ‚Äì but it is upsetting. Eat your crusts. https://t.co/WKQ0DTgCzk"
818492521949102085,2017-01-09 16:19:58,callummelly,en,@ThePaulCollett do you know what... I do actually need a couple of pieces haha üòú
818492519843590144,2017-01-09 16:19:58,ppvernon,en,#mentalillness race equality is off the agenda again by another government
818492504697962500,2017-01-09 16:19:54,IEvans20,en,A fantastic day....some great performances....bravo to them all xx https://t.co/XikNODNGmh
818492497404055552,2017-01-09 16:19:52,GlenfallH,en,@WeddingFayre_ NEW Luxury Country House Venue in the Cotswolds! Licensed for beautiful indoor &amp; outdoor ceremonies‚Ä¶ https://t.co/lnlMimazrb
818492495252389888,2017-01-09 16:19:52,SimpLeeArsenal,en,@touchlinefracas bro I need it. I just want cake &amp; ice cream everyday.
818492488927297536,2017-01-09 16:19:50,Dilbar_Jani005,hi,"#PIB Tolay Ko Masala Bhaai Ki Maqbooliyat Say Hay
&amp;
#UKRC Say Hay Keh #UKRC Nay #PIB Tolay Ki Tarha Bhaai Say Ghdar‚Ä¶ https://t.co/jsu0tdzpo3"
818492486884687873,2017-01-09 16:19:50,SpotlightBecclz,en,"QUADROPHENIA audition workshops 10th &amp; 12th January. All are welcome. Quaker Hall, Smallgate, Beccles. 7.30pmüòç"
818492486666637313,2017-01-09 16:19:50,moontrug,en,"@DHHlitagency Thanks, team! Thrilled you like it"
818492483831263234,2017-01-09 16:19:49,hiwoogie,en,"Meet us, the 9 #startups from the 2016 batch of @sbcIoT_Devices: https://t.co/Zmgp8zU5w1"
818492483625775105,2017-01-09 16:19:49,Benmarneyx,en,Ticking that London story option on snapchat just hoping that one day me doing a shit will be broadcasted to millions ‚ù§Ô∏è
818492474339500033,2017-01-09 16:19:47,JoeAshmore19,en,Winter is no good
818492462947856384,2017-01-09 16:19:44,HolohanTrevor,en,"I thought that #JenniferLawrence, @emmyrossum and @katyperry all looked fabulous at the #GoldenGlobes yesterday in‚Ä¶ https://t.co/REwtQR6BjF"
818492451774005248,2017-01-09 16:19:42,CasaInteriorltd,en,"New Year, New #Furniture. Exclusive #Bathroom furniture from #Mill-Due. #Wimbledon #Showroom‚Ä¶ https://t.co/xGEsZd6QdH"
818492444664860672,2017-01-09 16:19:40,moontrug,en,@Eric_Heyman @thomasflintham @JenniflurJenny @simonkids_UK @simonkids_eds Thomas and Jenny produced such a visual scene!
818492442269941760,2017-01-09 16:19:39,__damien__,en,And then some order has been restored: git branch --sort=authordate|committerdate
818492434170646529,2017-01-09 16:19:37,garethkbc,und,https://t.co/KPSYFJRLL7 #thefacts #iremember the #80s
818492424909705216,2017-01-09 16:19:35,SeraUlgerLDN,en,üíó Keep that momentum up üíó #Monday #be #SULDNSHOP @ Shoreditch https://t.co/sYq4hMc1RU
818492423949209601,2017-01-09 16:19:35,AlbertTait,en,@terencehooson Someone made a decision in Sweden without consulting Islam or Sharia courts. Heads will fall !!!!!
818492418639151104,2017-01-09 16:19:34,GraceShoreBanks,en,Dude. https://t.co/xA0DgAwDuT
818492409856327680,2017-01-09 16:19:32,DisneyManUK,en,@Interlink_UK Vic your driver at your Interlink Express Sittingbourne Branch is the most polite courier I have ever met a true credit NOT.
818492409843712001,2017-01-09 16:19:32,danholley_,en,@mrsglobug don't shoot the messenger! üôÑ
818492404214988801,2017-01-09 16:19:30,johnhorneartist,en,@BDOdarts Thanks BDO Darts for like of me tweet on the great game between Caldwell and Harbour. Have a great week and enjoying the Darts.
818492393477574656,2017-01-09 16:19:28,Nikitabassi_,en,"The video to Exxus by Glass Animals is so good, I am like so fascinated by it  üëÄ"
818492393083273216,2017-01-09 16:19:28,EricStoller,en,"Questions, comments, and additional thoughts welcome on my latest post at @InsideHigherEd https://t.co/EIss0Bbk5L"
818492376306094080,2017-01-09 16:19:24,A_Rockas,en,@The_Trump_Train Democrats Pres got all US MSM to conduct anti_orthodox CHristian campaign agst Russia @nytimes @washingtonpost @MoscowTimes
818492373772697600,2017-01-09 16:19:23,alisonleary1,en,@NLMdirector thanks Patti!
818492363731587073,2017-01-09 16:19:21,adam_staniforth,en,#FootballerBands Linkin Park(er)
818492362729132032,2017-01-09 16:19:20,VTUK,en,Letting agent fees: What we need to address? https://t.co/amyZccg6dh https://t.co/Su2CP2ldTn
818492360455811072,2017-01-09 16:19:20,SimpLeeArsenal,en,Fifa better change Lucas Perez pace in the winter update man. 77 is a FARCE I tell you. A farce
818492359235149824,2017-01-09 16:19:19,HStartRichmond,en,Thanks to all who shopped online @ Christmas raising nearly ¬£195 for us with @easyuk. Enough for 9 families to have‚Ä¶ https://t.co/T1fBNG6VFd
818492353136693250,2017-01-09 16:19:18,ryan_defreitas,en,Mexes Is The Reason #FootballerBands
818492344274157569,2017-01-09 16:19:16,moontrug,en,@edgechristopher @thomasflintham @JenniflurJenny @simonkids_UK @simonkids_eds Thank you! It feels a bit Famous Five to me -love the movement
818492341233152000,2017-01-09 16:19:15,trendinaliaGB,en,"‚íç #HEBill
‚íé Corrie Mckeague
‚íè Trello
‚íê Rolf Harris
‚íë #ae17

2017/1/9 16:15 GMT #trndnl https://t.co/do7Hdxwcnc"
818492336573480964,2017-01-09 16:19:14,Abrxu,en,@AtIasGorge all good laddd
818492335021584384,2017-01-09 16:19:14,IainGordon2,en,@DorothyLucey Hi D Happy New Year Have you heard Eagles Fly &amp; 4 Madeleine enter Iain Gordon YouTUbe
818492319229820928,2017-01-09 16:19:10,dyerAndie,en,@pert1993 They could alternatively @uber between the two! üòÇ
818492310891675648,2017-01-09 16:19:08,rednosedaysch,en,Good luck to all those taking January exams this week. You can do it! #mondaymotivation https://t.co/ejv6F8nG2S
818492309188775938,2017-01-09 16:19:08,adamadzp,en,Living for the new @QMUL postgraduate building's large restroom mirrors. Expect selfies.
818492305409773572,2017-01-09 16:19:07,GlenfallH,en,@UltimateExp NEW Luxury Country House Venue in the Cotswolds! Licensed for beautiful indoor &amp; outdoor ceremonies‚Ä¶ https://t.co/sEkxHicu8G
818492293531529216,2017-01-09 16:19:04,MekelBailey,en,"#INFLATABLE ‚ö™Ô∏è
@michikolondon86 #LFWM @ ICA Gallery https://t.co/ea566hY4D9"
818492286162059264,2017-01-09 16:19:02,LavenWilliam,en,@SeenThruGlass I'm at college still and I'm just waiting for 5pm to watch your video! I have even set a alarm üòÇ https://t.co/QH9Fga4NfW
818492283205152773,2017-01-09 16:19:01,swimcanarywharf,en,Well done @CoLEppingForest no more Bilibou Bagging! https://t.co/AibokzPcq4
818492279778373633,2017-01-09 16:19:01,emmaailes,en,"@ananavarro Hi Ana, Emma at BBC News here. I was hoping to talk to you about a possible TV interview - could you follow me so I can DM you?"
818492272773918720,2017-01-09 16:18:59,George_Morphew,en,"sooo done with making an effort with certain people, could easily drop half of them out of my life without a second thought ü§∑üèº‚Äç‚ôÇÔ∏è"
818492257989001216,2017-01-09 16:18:55,james_kirkup,en,@EdPentelow Not heard back from a few - if you know anyone man that'd be boss - my skills are too minimal
818492257674346497,2017-01-09 16:18:55,DimiLulov,en,Planning 2 months travelling Australia with Ben for the end of the year is getting me gasseddddd
818492251743588353,2017-01-09 16:18:54,Ranneko,en,"Tube strike made this last day a bit of a pain but on the train the airport, should be right."
818492210400391171,2017-01-09 16:18:44,_ElyPheasant,en,Ended up being at work for only 3 hours after it took me nearly 2 to get there üò≠üò≠üò≠üò≠üò≠üò≠üò≠üò≠üò≠üò≠üò≠üò≠üò≠üò≠
818492209997762562,2017-01-09 16:18:44,tbutlerdrums,en,"In rehearsals 4 this super cool piece @guildhallschool Concert is 19th, 6:30 @BarbicanCentre supporting the‚Ä¶ https://t.co/ETtmDis50T"
818492199956578304,2017-01-09 16:18:41,taxiblackblue,en,@RegalHuntsman @MurrayBoxing @Tyson_Fury All have a STARTüéâEND IS A CHOICEüéâNOW @hughiefury V @joeboxerparker ORpos @BronzeBomber FIGHT US NOW
818492191211487238,2017-01-09 16:18:39,HilfikerLX,en,@CWB75SW @TheSimonC90 @seanpic__ all superheroes get their bulge out on tv. It's part of the job.
818492188573237249,2017-01-09 16:18:39,jtcbarbers,en,"Let's cut to the chase, it's the second week of January, so if you haven‚Äôt started your #NewYearNewYou fear not, we‚Ä¶ https://t.co/Kp3Z677bFw"
818492186069237760,2017-01-09 16:18:38,tim_newman_,en,@perkofphotos thanks!!
818492175503790084,2017-01-09 16:18:36,BiscuitJill,en,Woo Hoo! @AliciaAllott @icenimagazine @beautyschoolnch @NorfolkTweetup @HoratioCreative @opticjuice See you 19th #Biscuits for @bigctweets
818492161247346688,2017-01-09 16:18:32,moontrug,en,@bookloverJo Gasps are always good. We like gasps.
818492146349117440,2017-01-09 16:18:29,TSDigi,en,Mic drop moment on the use of #Millennials labelling üíÅüèºüé§‚ù§Ô∏è¬†https://t.co/MFKJoo9jz0
818492141445976066,2017-01-09 16:18:28,tim_newman_,en,@ehi_cece @ds_overjoyed I bet!!
818492140946948096,2017-01-09 16:18:27,thenewtusk,ht,@jaybn1 big up. jersey lad üáØüá™
818492140066140160,2017-01-09 16:18:27,JacobDavey,en,Friday vibes for a Monday stuck on a bus or train üî• https://t.co/mbHqLKwTIx
818492139344687105,2017-01-09 16:18:27,TSDigi,en,Mic drop moment on the use of #Millennials labelling üíÅüèºüé§‚ù§Ô∏è¬†https://t.co/LJ30DuiRjL
818492132713529344,2017-01-09 16:18:25,sonixpookah,en,"@dmcbfs Laurels, awards and medals, but will he seize the trophy?"
818492125604093953,2017-01-09 16:18:24,m1geo,en,"@2e0sql @m0cvo @M0MJH @MW0IAN Yes. I believe in some respects, it does."
818492117920153600,2017-01-09 16:18:22,stevie_chambers,en,".@stroker maybe there are three parts of this: 1) things outside your control -&gt; you, 2) things you control, 3) things you control -&gt; others"
818492115902664704,2017-01-09 16:18:21,TheUniqueSphere,en,@SixVpf A prototypical manifesto statement can be interpreted in many ways. Clutching at straws. Shame that losing side can't get over it.
818492113864290305,2017-01-09 16:18:21,conisboroughcol,en,Take 2mins to do the Forster Park survey and have your say on local park... https://t.co/pY8iJmOkdD https://t.co/Jcsk4W3IP7
818492112211681282,2017-01-09 16:18:21,tim_newman_,en,@giulidriver Ahhh me too üòÄ
818492088987897856,2017-01-09 16:18:15,DaraMinogue,en,@tradedmistake @DJSamFlanagan you got parred awks. also ur basically cheating on @lewiswake here as WELL as @isthatlushkarma oh dear
818492084579614720,2017-01-09 16:18:14,asktheboss_UK,en,Are you ready for another #GreatRead suggestion by our FD @Bossheather Flatland by Edwin Abbott is a fun look at li‚Ä¶ https://t.co/ysg2aS0utj
818492081773613056,2017-01-09 16:18:13,tvaughan,en,@waltonandy @S_Wiggy I like this article from the ADL: https://t.co/yyff9uaQdl https://t.co/LVySgAErGE
818492078393061376,2017-01-09 16:18:12,Crystal170501,en,@EthanDolan What will you do when you turn to 18? üôÇ
818492071627595776,2017-01-09 16:18:11,SplatterdHerbz,en,@femalemodelsbot one of the best runway walkers ever a true legend ....üëë
818492069631168513,2017-01-09 16:18:10,GlenfallH,en,@Corp_Events_UK NEW Luxury Country House Venue in the Cotswolds! Licensed for beautiful indoor &amp; outdoor ceremonies‚Ä¶ https://t.co/hn2t4lQIFk
818492069085937664,2017-01-09 16:18:10,leftoutside,en,@cathy_cocotte down in their alveoli
818492041760014336,2017-01-09 16:18:04,ParisSerenaowns,en,"My wife is home pleased with how clean home is thankyou @agonynecstasy1 &amp; @gynarchygoddess for focusing my efforts, now for a rest! #femdom"
818492025389678595,2017-01-09 16:18:00,StirringTrouble,en,"Lefties falling over each other, praising that non-entity Meryl Streep who lied about #Trump and made false ‚Ä¶  https://t.co/jhbVJ9Aa1R"
818492018418741248,2017-01-09 16:17:58,StirringTrouble,en,"Lefties falling over each other, praising that non-entity Meryl Streep who lied about #Trump and made false allegations against him."
818492015541293056,2017-01-09 16:17:58,roseesmeralda,en,Enjoyed this from @TheSchoolOfLife on envying the future. How make peace w/ our historical lot &amp; what we'll miss? https://t.co/UNDSc4E8wJ
818492004627873794,2017-01-09 16:17:55,ImBaz_,en,@Veriified419 leave her to enjoy her hatred of us whilst searching for a husband
818492000488013824,2017-01-09 16:17:54,m1geo,en,"@MW0IAN @m0cvo @M0MJH @2e0sql But at the same time, I don't want to see everything reduced to the lowest common denominator."
818491998155968513,2017-01-09 16:17:53,ja_schnabel,en,"Apply now for PhD in computational imaging in liver cancer - start April 2017, at @KingsImaging @LiverMultiScan via https://t.co/rsw4wgI8w8"
818491988995674112,2017-01-09 16:17:51,LBACSimon,en,@LiamGraceESPN @BoscombeCherry he was. One of the quickest players in the UK at the time.
818491965318844416,2017-01-09 16:17:46,leftoutside,en,@cathy_cocotte always find it odd that smoke and vapour has been inside someone's lung.
818491940857610241,2017-01-09 16:17:40,e_gibbon,en,"the Milvian bridge, and despatched a messenger to his people."
818491938940874753,2017-01-09 16:17:39,fantasticpIanet,en,sent myself the wrong version of my essay and now im at uni like üôÉüôÉüôÉüôÉüôÉ
818491925401632772,2017-01-09 16:17:36,dyerAndie,en,@EgglestonMathew Milky Bars are on you!
818491922155208705,2017-01-09 16:17:35,Slivendrous,en,@myrmhd @memeprovider obviously he copied mine
818491921702252544,2017-01-09 16:17:35,Jampa9,en,"Who is the @talkSPORTDrive presenter? The blokes a nutjob, how can a presenter be so biased in there views?"
818491914437689348,2017-01-09 16:17:33,GlenfallH,en,@OffLimitsEvents NEW Luxury Country House Venue in the Cotswolds! Licensed for beautiful indoor &amp; outdoor ceremonie‚Ä¶ https://t.co/D9y1vfbGik
818491913514979329,2017-01-09 16:17:33,trainerpm,en,@CritchleySci sorry to hear that
818491912957132800,2017-01-09 16:17:33,JoeK147,en,1 essay down 44 hours until next deadling camooon
818491907512864771,2017-01-09 16:17:32,ycbrown09,en,Here‚Äôs a Capture-worthy video from @streamliveme #LivemeCap https://t.co/mNZZpIQcS5 https://t.co/8uCHesB60K
818491901708029953,2017-01-09 16:17:30,WundermanUK,en,Great to see that @QPRFC #GiveASock for the homeless this winter. Will you give some socks @ChelseaFC @FulhamFC?‚Ä¶ https://t.co/EYiJICfJg1
818491893176737792,2017-01-09 16:17:28,Dillz786,en,Yeeeeessssssss yes yes yes yes yes yes yes yes yes. God is great
818491890207256576,2017-01-09 16:17:28,shaykh_zak,en,@owaisashah Ameen Thumma Ameen. Love you more Shah g. I pray The same for you my bro. Stay happy and fit ! üëä‚ù§
818491886306545665,2017-01-09 16:17:27,IainGordon2,en,@realDonaldTrump  President Trump elect  I hope INDIGENOUS people of Wales England Ireland &amp;Scotland will NOT be regarded as security risk!
818491880812015619,2017-01-09 16:17:25,e_gibbon,en,"But the emperor for a numerous army, assembled in the third, and were on all sides by the master-hand of the conqueror, who, as bishop of"
818491871374770176,2017-01-09 16:17:23,NewtonLou,en,@CatwomanFran ...would love a drink (or several) when I'm back! üç∑üçæüçªüçπüç∏üçª we could hit the Leyton Technical again?
818491866035421184,2017-01-09 16:17:22,nickglynn,en,"@Lappy1967 @birminghammail I did. It talks about ""centuries-old traditions"", ""trying to entertain"" and Plough Monday. Good opp' to educate!"
818491851779014656,2017-01-09 16:17:18,murielwickenden,en,@accouder üòÇüòÇüòÇüòÇ|Gosh and still working!
818491841620361216,2017-01-09 16:17:16,ViolettaCrisis,en,Apparently everyone who leaves the agency gets their last payment several days late. Would have been nice to know that earlier.
818491835181993986,2017-01-09 16:17:15,CNWorldwideNews,en,"@GlamourMagUK are LIVE now with Alexandra Heminsley here in the showroom! 
https://t.co/COWsBtoqHr"
818491815150108673,2017-01-09 16:17:10,LBACSimon,en,@leeseal31 @BoscombeCherry @LiamGraceESPN I'm pretty sure Efan got 4. Least a couple just a ball over the top. Classic Pulis üòÇ
818491807399088128,2017-01-09 16:17:08,omgitsdefault,en,Hurry up and finish dishonoured 2!
818491806660886528,2017-01-09 16:17:08,johnhorneartist,en,"@bluemel4 Hello Melissa, Thats ok for the follow. No worries there. Glad to be one of your followers. Have a great week."
818491801720000513,2017-01-09 16:17:07,GaryAPrince,en,@SouthernRailUK Hi why have you stopped using #BackOnTrack ?
818491795386540032,2017-01-09 16:17:05,TechieMinx,en,@FedarovBlackice @VerlinTheLost @LandmarkXplorer ah  yeah that might help - shouldn't be that bad thats for sure
818491791808851968,2017-01-09 16:17:04,Laylacoulsonx,und,https://t.co/fyEn2KiYbP
818491787883016192,2017-01-09 16:17:03,ketmonkey,en,"@moogal bless, at least you didn't have to suffer the H&amp;C today ;)"
818491783894224902,2017-01-09 16:17:02,pipecraftinov,en,#Gym Apparatus Components by Pipecraft https://t.co/j3xq7eNMSc
818491772833845249,2017-01-09 16:17:00,ashic,en,"@hmemcpy @theburningmonk i.e. can easily have some services in Haskell, and other in JVM for JVM locked stuff."
818491763279167488,2017-01-09 16:16:57,derek_riddell,en,"@FernRiddell  Here's a sample.I love it.Sometimes blue,sometimes green #givingupactinggoingintointeriordesign https://t.co/QUu14tI8tF"
818491748091621377,2017-01-09 16:16:54,traderedward,en,@NeighboursParod @lillyvandermeer Clearly something fishy about this storyline !!
818491741716287488,2017-01-09 16:16:52,05Aneesah,en,"Special edition interview with Shaykha Safia Shahid on Islam Channel:
https://t.co/2Py25lEIXE"
818491738503450625,2017-01-09 16:16:51,dsuperstore,en,Your fave moustache-themed bash @Homostash is back this Friday feat. @DJSpencerReed @tafkanik @artpornblog and more‚Ä¶ https://t.co/NaT2oOyrWt
818491732115464194,2017-01-09 16:16:50,stevie_chambers,en,"@mo6020 i worked with a guy once that charged in 15 min increments for logging on, check /usr/log, logging off on about 50 solaris servers"
818491730727157761,2017-01-09 16:16:50,sex_ed_forum,en,2/2 if you agree with @stellaCreasy on #SRE amendment then email all your MPs today and let them know https://t.co/QhrosAS10J
818491730458738692,2017-01-09 16:16:50,GeoCyberwolf,und,@Kenson_Shimobe mmmpppphhhh
818491729963786242,2017-01-09 16:16:49,A_Rockas,en,"@Evan_McMullin @MerylStreepPage CRIMES
 US/@JohnKerry colusion ISIS:GenocideSyrian Christian https://t.co/14b4VEdDZO
https://t.co/y3wYSzbVoL"
818491724314066944,2017-01-09 16:16:48,RoDuSu,und,@docbrown88 BIG!
818491714793041920,2017-01-09 16:16:46,la_gaia,en,@GoodDsgnAdvice hey GFDA https://t.co/PmK3uEptZ2 your trello bot doesn't' seem to work beyond /gfda 248?
818491702524649472,2017-01-09 16:16:43,StevieBloke,en,@angiepink38 @SwarmApp Bit like last week....
818491696610770944,2017-01-09 16:16:41,rewiredesire,en,People seek to improve their bodies as a route to loving themselves. Instead of loving themselves as the route to improving their body.
818491688402423808,2017-01-09 16:16:40,NewtonLou,en,@CatwomanFran you make me blush! üòäI'm actually on the bus back home now multitasking with my work laptop. Off to NY in a few days but...
818491687718817792,2017-01-09 16:16:39,nocopoutuk,en,@fterapin @Freedom_Daily EXACTLY what the country needed UK hope he points @theresa_may IN SAME DIRECTION when she goes over
818491676817768448,2017-01-09 16:16:37,murielwickenden,en,"@karmolz Yes, Three!  üòÖüòÖüòÖ And he even drank those standing!Think I've died and gone to heavenüòÇüòÇüòÇüòÇüòÇ"
818491674771030016,2017-01-09 16:16:36,GeoCyberwolf,en,@Evi_SnowMew I got one and I rode. https://t.co/mQNCNWmhi8
818491671138758657,2017-01-09 16:16:35,donnemarie,und,@RoseNobbs üôÖüèªüíã
818491668630487040,2017-01-09 16:16:35,freyar_d,en,looooool you are such a cunt stfu https://t.co/Whb35ugF3m
818491633645875200,2017-01-09 16:16:26,Davidlost,en,A Tribe Called Quest's album from last year - We Got It From Here... Thank You 4 Your service - is every kind of üëåüèª
818491617913044994,2017-01-09 16:16:23,ashic,en,@hmemcpy @theburningmonk of course...I'm saying the interop can happen over transport. single platform less necessary.
818491602914213890,2017-01-09 16:16:19,craigmsinger,en,"""Meryl Streep, one of the most over-rated actresses"" - demonstrating such sound judgement."
818491599541956609,2017-01-09 16:16:18,GlenfallH,en,@cotswoldevents NEW Luxury Country House Venue in the Cotswolds! Licensed for beautiful indoor &amp; outdoor ceremonies‚Ä¶ https://t.co/VjRst3Z8NY
818491598136872960,2017-01-09 16:16:18,Jakewalker_101,en,@sadiespiterix Fact: airplane mode doesn't turn your phone into an aeroplane
818491595200679936,2017-01-09 16:16:17,emdad07,und,#Brompton #Brommie #Cycle #TeamLondon ##TheWanderingLondoner #MyUnseenLondon #BrommieSelfie‚Ä¶ https://t.co/PP3HBukCd8
818491586304737280,2017-01-09 16:16:15,MarkPowellSoho,en,"Are you ready for winter? 

It's starting to get chilly out there...

Our latest range of ready‚Ä¶ https://t.co/CFRXTiu308"
818491580457680896,2017-01-09 16:16:14,trendinaliaGB,en,Trend Alert: #HEBill. More trends at https://t.co/do7Hdxwcnc #trndnl https://t.co/TDLtjKP7RI
818491560228691968,2017-01-09 16:16:09,SeymourKuntz888,und,@AssStar_0_ @Marcuxxx1 @sexx_freak @Nagykrisutina @claryhot @loscocciato67 @Vdsxx1 @miavianet @cumcumlover‚Ä¶ https://t.co/EMLzEMDwKC
818491560081887234,2017-01-09 16:16:09,DJfeMo_,und,@MalikaHamza_ @OfficialDjYin https://t.co/EF8tofq3xk
818491559561859072,2017-01-09 16:16:09,BiscuitJill,en,Great Please do sign up on website @AliciaAllott @icenimagazine @beautyschoolnch @NorfolkTweetup @HoratioCreative @opticjuice
818491550892232704,2017-01-09 16:16:07,emmaailes,en,"@Peggynoonannyc Hi Peggy, Emma at BBC News here. I wanted to speak to you about a television interview - cld you follow me so I can DM you?"
818491531015450624,2017-01-09 16:16:02,denimangel6,en,"@DonnyUpdates @donnyosmond now there's a thought, putting ideas into your head now! üíú"
818491527542505473,2017-01-09 16:16:01,Stewfsmith,en,ICYMI My 2016 jazz and imrov roundup @theQuietus @cuneiformrecord @goldenlabrecord @astspiritsrec @brownswood https://t.co/zNWgEMr5Nf
818491512082337792,2017-01-09 16:15:57,aeoye,en,@chillmage tbh by 11pm that evening I‚Äôm stuffing myself with sushi from one of those restaurants https://t.co/wQlTAhQnl1
818491511977476098,2017-01-09 16:15:57,ketmonkey,en,@moogal ha! Ok skinsuit and a harness? ;)
818491508957609984,2017-01-09 16:15:57,adrian10191,en,@BrexitCentral @DCBMEP @michaelgove has Michael Gove learnt what an average is yet?
818491501797867521,2017-01-09 16:15:55,Nachantis,en,"Within the last 7 hours, if anyone knew the stress I've obtained... it's a joke"
818491501151981572,2017-01-09 16:15:55,sex_ed_forum,en,.@stellacreasy says Gvt must back her SRE amendment or provide new legislation to enable compulsory SRE https://t.co/zCrxjkmhXf 1/2
818491494634029056,2017-01-09 16:15:53,MILKTEETHPUNX,en,@LaraKn0x oh no that'll be our 8th. Where you been hiding !
818491493178638337,2017-01-09 16:15:53,HilfikerLX,en,@TheSimonC90 @seanpic__ @CWB75SW mine wasn't news worthy üòÇ
818491489177268225,2017-01-09 16:15:52,freyar_d,en,looool you are such s cunt stfu https://t.co/Whb35ugF3m
818491481157734405,2017-01-09 16:15:50,SimonMDLord,en,"Read and weep. #NHS care might be free, but the parking charge will finish you off. https://t.co/7CSKcjqAHg"
818491476434964482,2017-01-09 16:15:49,LETgolf,en,England's @georgiahall96 will start the 2017 season leading the @SolheimCupEuro rankings: https://t.co/1p8cmad6Bf https://t.co/J24ohu6Cb9
818491473473589248,2017-01-09 16:15:48,_LondonUK,en,"current weather in London: moderate rain, 9¬∞C
87%% humidity, wind 6kmh, pressure 1013mb"
818491452850323457,2017-01-09 16:15:43,DamianSamuels,en,Going through my dull tax return &amp; find a little bit of showbiz in there #Sherlock #theabominabletaxreturn https://t.co/n87mSswyJk
818491437297897475,2017-01-09 16:15:40,RayneShoes,en,#Standoutfromthecrowd with our intricately detailed Eufemia #pumps. https://t.co/z2bt2xl84I
818491431299977221,2017-01-09 16:15:38,DomBurt,und,üê∏‚òïÔ∏è https://t.co/jtkJULP5px
818491427504189441,2017-01-09 16:15:37,StirringTrouble,en,@Becca_March Actors are lowlifes who can't do anything else but pretend to be other people. Should live in obscurity and get paid peanuts.
818491427327975424,2017-01-09 16:15:37,patriciaanena,und,2/4 üë©üèæüë©üèæ.. üëÄüåûüôÜüèæüë•üëÇüèæ..üôÄü§ê
818491426845638658,2017-01-09 16:15:37,A_Rockas,en,"@saletan @KellyannePolls to @MerylStreepPage 
 US/@JohnKerry colusion ISIS:Gen Christian https://t.co/14b4VEdDZO
https://t.co/y3wYSzbVoL"
818491412442451969,2017-01-09 16:15:34,HStartRichmond,en,January sales shopping? Don't miss out on raising a donation for Home-Start Richmond shop through easyfundraising‚Ä¶ https://t.co/rgmBSRN35C
818491411163205639,2017-01-09 16:15:33,IceYaHoee,en,I'm bout go TD Jakes on em https://t.co/XtGynI25ZM
818491406004142083,2017-01-09 16:15:32,mhs_sport,en,"The rugby team ready to ""warm up"" in typical English winter conditions https://t.co/MtW2iCRVCK"
818491393622634501,2017-01-09 16:15:29,robertclinsdell,en,@Stuart_Watson Just been catching-up the web-chat. Where is Ian Milne in all this? Surely with a distant owner his job is vital? #itfc
818491388136460289,2017-01-09 16:15:28,andyy,und,@objectCreate ‚ù§Ô∏è
818491385380798464,2017-01-09 16:15:27,john_hammond_,en,@GinSoakedBoy That's brightened a somewhat sh1t day üòÇüòÇ
818491382742609920,2017-01-09 16:15:27,lovatt_adam,en,@SamMunnery Hi Sam. Where is the Christmas crossword solution in the paper today? The crossword said it was being published today
818491381408632834,2017-01-09 16:15:26,Newsminster,en,Northern Ireland's power-sharing agreement on the brink of collapse as Martin McGuinness quits‚Ä¶ https://t.co/6cZgpfD44g
818491376992194562,2017-01-09 16:15:25,amuntazara,en,Factortame is anything but tame :(
818491371300462592,2017-01-09 16:15:24,Soulofharmony,en,You too David ! Make it awesome ‚ú® &amp; ThankQüí´‚ú®üòò https://t.co/ITX78idRAc
818491370516189184,2017-01-09 16:15:24,Kirsteeeeenxo,en,I'd fully let someone boot me down the stairs rn and claim mitigating circumstances
818491367932334080,2017-01-09 16:15:23,Newsminster,en,Adorable puppies react to seeing snow for first time https://t.co/h7S4om5zNr #Politics https://t.co/w9oyKEK16i
818491360978337792,2017-01-09 16:15:21,GlenfallH,en,@EastAfricanTrad NEW Luxury Country House Venue in the Cotswolds! Licensed for beautiful indoor &amp; outdoor ceremonie‚Ä¶ https://t.co/GiFOsXlBZk
818491357996191746,2017-01-09 16:15:21,ryanjeal,en,@frxnkieturner yeah wtf is that about
818491331462971392,2017-01-09 16:15:14,ketmonkey,en,@moogal well yes but I didn‚Äôt do mine in nothing but a thong like you dear ;)
818491324697546752,2017-01-09 16:15:13,nocopoutuk,en,@fterapin @europafreunde MEDIA THE NONE WHITES BESTY MATES
818491317386932224,2017-01-09 16:15:11,JordanLowry8,en,"Happy birthday @Ed_Newton97 have good one son, don't do anything I wouldn't! All love üíô"
818491312295002112,2017-01-09 16:15:10,StevieBloke,en,Looks like it's only Muggins been working again today... (@ Secret location) https://t.co/vbkpS37Mua
818491292405612545,2017-01-09 16:15:05,Saraita101,en,"Brexiteer Arlene Foster helping to delay brexit through her own incompetence might be the funniest thing to happen, ever."
818491287779340288,2017-01-09 16:15:04,MiriamKhamis,und,https://t.co/Tc4HvplA8e
818491287607316481,2017-01-09 16:15:04,Nachantis,en,Within the last 7 hours of anyone knew the stress I've obtained... it's a joke
818491285069774848,2017-01-09 16:15:03,lesthelion,en,@Jamin2g the BBC will be delighted
818491277108977665,2017-01-09 16:15:01,SimpLeeArsenal,en,@touchlinefracas cutting cycle I'll be doing for around 12 wks before I go for mass again. And I hate cardio so I try get it from ball lol
818491264228278272,2017-01-09 16:14:58,alisonleary1,en,@annedraya its like leaders who say we shouldn't talk about #safestaffing as it undermines chances of being in the tent.
818491263490162688,2017-01-09 16:14:58,RedpackUK,und,https://t.co/5wNJKixW6w
818491257626443776,2017-01-09 16:14:57,EUtopean,en,"@PoliticalBear23 @dayvidart @theresa_may Does she like flash cars &amp; all things red, white &amp; blue? https://t.co/6rB0vpBcuq"
818491248591990784,2017-01-09 16:14:55,BiscuitJill,en,Always 11am to 12.30pm every 3rd Thursday  @AliciaAllott @beautyschoolnch @NorfolkTweetup @icenimagazine @HoratioCreative @opticjuice
818491246075322368,2017-01-09 16:14:54,StoatsMcGee,en,@jgilchrist13 @NHM_Tring @NHM_London @NHM_Oology @NatSciNMS You must visit! https://t.co/AUbMtakilw
818491245714673664,2017-01-09 16:14:54,paulm1402,en,What hope for peace? https://t.co/Rsl2dYYFm1
818491239377104896,2017-01-09 16:14:52,Crozzy1971,en,Oh dear. I'm Palace and in no way want to be in your 'firm'. Missed English in class did we ? https://t.co/Z0L7rrW37X
818491233253396480,2017-01-09 16:14:51,Ollie_Bennett_,en,@adamdawkins true
818491231915413504,2017-01-09 16:14:51,quendonian,en,@namtien92 Khubler Ross in a nutshell üòö
818491209991778305,2017-01-09 16:14:45,BipolarBlogger,en,"@LondonSnowWatch So not really for suburban London, boo"
818491186369466368,2017-01-09 16:14:40,Mara_Meyer7,en,Feeling blessed and it's only the beginning https://t.co/98z4NIUih5
818491183022346240,2017-01-09 16:14:39,carolatack,en,So pleased to bump into 1 of my @warwickuni Classics students now doing PG social sciences at @UniofOxford - great to see students progress!
818491182221234180,2017-01-09 16:14:39,070bethnallord,pl,Jezus znowu XD
818491181726371840,2017-01-09 16:14:39,RachaelKrishna,und,@iotar bro.
818491180589678593,2017-01-09 16:14:38,Abrxu,en,@AtIasGorge the banner with everyone on it?
818491173027409920,2017-01-09 16:14:37,christinabenj,en,@ravi__90 Thank you!
818491172943527936,2017-01-09 16:14:37,dougievale,tl,Khabib is so damn gangster
818491164043022336,2017-01-09 16:14:34,JoshhFigueroa,en,Everytime your name was brought up I would act all nonchalant in front of an audiaaance
818491142345986050,2017-01-09 16:14:29,FinlayPhoto,en,"Grrrrr Day. #tubestrike #discombobulated #travel #plans #london #underground @ London, United‚Ä¶ https://t.co/iQNgQubWXa"
818491131965173760,2017-01-09 16:14:27,Crystal170501,en,I dont really know how to socialize with people....üòüüò£
818491123576537088,2017-01-09 16:14:25,megazrul,en,"No story lives unless someone wats to listen - #JKRowling
#harryporterstudio #wbtourlondon‚Ä¶ https://t.co/tAdW26AJm3"
818491115548672000,2017-01-09 16:14:23,A_Rockas,en,"@JonRiley7 @MerylStreepPage CRIMES
 US/@JohnKerry colusion ISIS:Genocide Syrian Christian https://t.co/14b4VEdDZO
https://t.co/y3wYSzbVoL"
818491031989714944,2017-01-09 16:14:03,Anggun_Cipta,en,@RedFlameTV I read that too! #HisThumbs
818491030009954304,2017-01-09 16:14:03,A_Rockas,en,"@RichDrees @MerylStreepPage CRIMES
 US/@JohnKerry colusion ISIS:Genocide Syrian Christian https://t.co/14b4VEdDZO
https://t.co/y3wYSzbVoL"
818491025383636992,2017-01-09 16:14:01,_StJamesLondon,en,Made in Derbyshire; an atmospheric show of knitted wonder @JohnSmedley #LFWM https://t.co/Tlpn1L2f0J
818491024284774400,2017-01-09 16:14:01,GlenfallH,en,@BramleyRoadGirl NEW Luxury Country House Venue in the Cotswolds! Licensed for beautiful indoor &amp; outdoor ceremonie‚Ä¶ https://t.co/3Z5LGsXpL9
818491002268819458,2017-01-09 16:13:56,jackt0239,en,Water works game strong üí™üèº
818490993922150400,2017-01-09 16:13:54,JeanRousseauUK,en,Jean Rousseau is offering a great choice of rubber colours ! #horology #luxury #lifestyle #bespoke #trendy https://t.co/U0GSBnonoM
818490988729614336,2017-01-09 16:13:53,Steroplast,en,The product designed to make paramedics jobs a lot easier https://t.co/Hv64UQfCJE #paramedics #AandE #nursinghomes #Hospitals
818490988285095940,2017-01-09 16:13:53,fungi_flowers,en,"@tfreeth oh my, I expect they were scurrilous!"
818490987521654786,2017-01-09 16:13:52,bodyshopmag,en,.@JLR_News achieves ‚Äòbest ever‚Äô https://t.co/8E6Dd7odcG via @bodyshopmag
818490982228430851,2017-01-09 16:13:51,SimpLeeArsenal,en,@touchlinefracas higher than usual cos I'm very active in my day to day job. I train at least 5/6 times p/w
818490974963978240,2017-01-09 16:13:49,adrian10191,en,@montie @DCBMEP how leave changes https://t.co/Edfy400LUX
818490972535422976,2017-01-09 16:13:49,spiderwine,und,#tubestrike https://t.co/80I3zZZ4tM
818490970547351552,2017-01-09 16:13:48,ketmonkey,en,Walked on the Pier and straight onto a boat‚Ä¶. what be the problems London? #Smug2017
818490947323445251,2017-01-09 16:13:43,A_Rockas,en,"@LOLGOP @MerylStreepPage CRIMES
 US/@JohnKerry colusion ISIS:Genocide Syrian Christian https://t.co/14b4VEdDZO
https://t.co/y3wYSzbVoL"
818490946237202432,2017-01-09 16:13:43,VoodooDollEnt,en,Can't wait to teach again tonight @HoxleyandPorter #londonswingcats #collegiateshag #danceclass #islington #upperstreet #learntodance
818490938762919936,2017-01-09 16:13:41,Crozzy1971,und,üòÜüòÜüòÜ https://t.co/9BkuKmGv92
818490923197702145,2017-01-09 16:13:37,HealthUntoDeath,en,"Automation: still bad, still a perpetuation of a disaster that's been ongoing for a long time https://t.co/AeraYqR6sL"
818490920295350273,2017-01-09 16:13:36,quendonian,en,"@DAccampoFamily @4tis @ladybuglc @PraiseHisName50 Dom, why did you block @Mogleeone?"
818490902339616769,2017-01-09 16:13:32,DerekCopsey,en,"Wind 3.8 mph S. Barometer 992.1 hPa, Falling quickly. Temperature 8.7 ¬∞C. Rain today 0.6mm. Humidity 96%%"
818490898359189506,2017-01-09 16:13:31,GlenfallH,en,@Angela_deSouza NEW Luxury Country House Venue in the Cotswolds! Licensed for beautiful indoor &amp; outdoor ceremonies‚Ä¶ https://t.co/IV1enEgdUa
818490890884878339,2017-01-09 16:13:29,JoSawyer04,en,@WendiPeters @thetheatrecafe haha just found it #stagey üòÇüòÇ https://t.co/y71KVhkBRs
818490884224327680,2017-01-09 16:13:28,JMyr_,en,"Less than 6 months to go, I need some inspiration‚Ä¶ @nick_jones27 https://t.co/Ft0upJ8jPw"
818490881900773376,2017-01-09 16:13:27,tea_and_cake,en,"@fingalpimpernel I wish someone would recolonize him - preferably somewhere far, far away, where no-one understands a word he says."
818490874963365888,2017-01-09 16:13:26,101andyhibberd,en,Now playing Rick Wakeman's 100th solo album Piano Portraits. Released on CD this Friday 13th January with vinyl sch‚Ä¶ https://t.co/BzTuSU87fm
818490864876060672,2017-01-09 16:13:23,AlbertTait,en,"@IndyUSA @Independent NEVER They are people that will simply question your motives, for obvious reasons to make America great again"
818490864565682176,2017-01-09 16:13:23,ImBaz_,en,@keziarrrhhh well done https://t.co/IINOz68Zyv
818490863789764612,2017-01-09 16:13:23,wandpsculpture,en,We love what we do... https://t.co/ac6ey2FWBP #happymondayüåü
818490858119041026,2017-01-09 16:13:22,fryld,en,yes but !!! ((-: @saravastiares @patdefranchis @VivirFelizz @NinaNebo @nuvolarossa18 @Suntan48 @Choco_Sandy1‚Ä¶ https://t.co/1uzRLWuKv4
818490857707933697,2017-01-09 16:13:21,joewest9,en,Jesus titty fucking Christ - Why? https://t.co/PlefBttc00
818490855518601219,2017-01-09 16:13:21,SophieWardem,en,January is literally just 31 Mondays
818490845619953667,2017-01-09 16:13:19,mrnicklevine,en,@Matt_Isard erm... 20 mins
818490843640250368,2017-01-09 16:13:18,ashic,en,@jchannon @amirrajan lol...u should totally do angular 4 with typescript n (n=whatever the fuck I got no idea).
818490840758763521,2017-01-09 16:13:17,annzabel,und,@moumouris ;-)
818490839718576128,2017-01-09 16:13:17,FindTayTay,en,@ArgosHelpers tried ringing this number and it is not what I needed and did not help
818490833863405570,2017-01-09 16:13:16,charlton1970,en,"@Prestigeinjury looks a nice üèÉ I'm new to the area, just behind hospital"
818490827014029313,2017-01-09 16:13:14,DOVEBRICK,en,"@keithbelfast Good idea @JamieBrysonCPNI. Try a pre-1921 Unionist ticket, you are nearly there anyway."
818490821402099712,2017-01-09 16:13:13,ethainklein,en,"@danisnotonfire ""mate"" ...*winks* *insert lenny face*"
818490819057307649,2017-01-09 16:13:12,A_Rockas,en,@The_Trump_Train Clarification:Every US embassy in every country tries to influence election results in the that country in the US`s favour
818490798740217856,2017-01-09 16:13:07,HolohanTrevor,en,How gorgeously stunning did these lovely ladies look at yesterday evening's #GoldenGlobes over in Los Angeles? WOW!‚Ä¶ https://t.co/Gh0MlKQJAn
818490781124227077,2017-01-09 16:13:03,murielwickenden,en,"@karmolz  lovely disposition, all ground work digging wheelbarrowing.  Not a groan frown even when it rained pt on his rubbers &amp; carried on"
818490772777410561,2017-01-09 16:13:01,TalentAtNimble,en,"If you're looking for work in #London, check out this #job: https://t.co/lwD2oYoOu1 #londonjobs #JobsatNimble #Bigdata #Accounting #Hiring"
818490767266250752,2017-01-09 16:13:00,chezzagaga,und,https://t.co/p2HGhlVpoJ üòÇüòÇüòÇüòÇüòÇüòÇüòÇüòÇ #toiletbrush
818490764149870592,2017-01-09 16:12:59,billyboymc1975,en,Away fans must wanna be close to the pitch when visiting West Ham London stadium surely? Football grounds should be‚Ä¶ https://t.co/0Z45pTiuk1
818490757199839232,2017-01-09 16:12:57,Domeniquex,en,Meryl Streep once again proves the queen that she is with her speech at the #GoldenGlobes. üëë https://t.co/LsahlFjeAQ
818490744746942471,2017-01-09 16:12:55,jey_sharman,en,Last week of #marketresearch - I would love your opinion on #recruitment within #changemanagement‚Ä¶ https://t.co/DdiUacEPtx
818490723498622976,2017-01-09 16:12:49,LSEAnthropology,en,"Whatever new challenges 2017 brings, LSE is prepared for bright futures https://t.co/IladOk32y2"
818490721766232064,2017-01-09 16:12:49,HairformStudio,en,Hurry up ! COMPLIMENTARY OLAPLEX TREATMENT with any colour service for limited time !@hairform‚Ä¶ https://t.co/zcTTXSI6Tp
818490711037345792,2017-01-09 16:12:46,swimcanarywharf,en,Well done @CoLEppingForest a just end to Bilibou's Bagging! https://t.co/AibokzPcq4
818490698752212992,2017-01-09 16:12:44,bodyshopmag,en,.@BelronGroup searches for start-ups https://t.co/nidHWKT7Uo via @bodyshopmag
818490686106468353,2017-01-09 16:12:41,Lady_Swera,en,"Hot Cocoa (@ Chin Chin Laboratories - @chinchinlabs in Camden, Greater London) https://t.co/z7RSK92Dut https://t.co/BgV6mXM8k8"
818490679798222848,2017-01-09 16:12:39,GlenfallH,en,@Hanami_Dream NEW Luxury Country House Venue in the Cotswolds! Licensed for beautiful indoor &amp; outdoor ceremonies‚Ä¶ https://t.co/wTK8H1wPBE
818490676279119872,2017-01-09 16:12:38,ryan_defreitas,en,@charliesimmondz @Spotify for real
818490671329841152,2017-01-09 16:12:37,LetsHaveGaybies,en,@fuckoffscott you have a sugar daddy?? I want
818490667253035008,2017-01-09 16:12:36,LewishamArtExp,en,"@wearethespians will do definitely! Feel free to like, share &amp; comment on our facebook page too https://t.co/jPzumdx8C9 üòÄ"
818490659028013056,2017-01-09 16:12:34,adrian10191,en,"@EuroGuido @DCBMEP so FARAGE was lying when he said ""what is wrong with Norway?"" what about https://t.co/Edfy400LUX  - another set of lies"
818490646491238401,2017-01-09 16:12:31,Birdbrook7,en,@OffshoreWINDbiz @GanjasmokerCb @VattenfallGroup @Vattenfall_De @PNEWINDAG  Some how governments signed up for static time
818490646017273856,2017-01-09 16:12:31,pipnlittleblue,en,@yogawithadriene I didn't manage the push-ups today...aw man! üôàüòïüôèüèΩ #day9 #yogarevolution
818490636227739648,2017-01-09 16:12:29,nabboyle,en,@LuAl22 cos when mine did same i could not work out if it was course following or strava segs doing it 2/2 üò°
818490635737038848,2017-01-09 16:12:29,GMKTactical,en,@Beretta_USA ARX 200 + Steiner MX5i 3-15x50 being zeroed. With the correct hearing protection of course. @3M_UK https://t.co/TnLqKB3klP
818490615688298496,2017-01-09 16:12:24,StyleAndError,en,Loving @johnsmedley 'Black Sheep' collection with Welsh &amp; Falkland island wools combined with‚Ä¶ https://t.co/oDgLcBPmwQ
818490609388359680,2017-01-09 16:12:22,SpeyeJoe,en,@Simplicitly ... apart from ignorance ... and apathy  ... oh and jingoism ... oh and ...
818490601599541249,2017-01-09 16:12:20,nickfshort,en,@stockotrader @GERArmyResearch @_TheFewGoodMen @guywalters @smashingpaps @Roger_Moorhouse I'm calling the History Channel immediately.
818490576521793536,2017-01-09 16:12:14,starwarsxsarah,en,"Fuck this. The sooner I can find a place that I can have a dog, the better! I need out of this toxic environment now"
818490574776975360,2017-01-09 16:12:14,JakeTilson,en,The ever wonderful Claudia Roden - 24 min Dutch doc https://t.co/Ms47ZzPGog https://t.co/aV8noEC1X2
818490550395486209,2017-01-09 16:12:08,Nuttymanuk,en,@PhilAlexanderUK nice choice my favourite Zep album üòúüòúüòú
818490542556413953,2017-01-09 16:12:06,TechieMinx,en,"@ZimnelR @Jiminimonka @michelledh Yes, its true, if those friends think they are getting rid of me now, they are mistaken lol :)"
817314173725995008,2017-01-06 10:17:38,trendinaliaGB,en,"8,481,707 people could have seen 'Coutinho and Matip' since its 1st mention until it became a Trending Topic. #trndnl"
817314172673277953,2017-01-06 10:17:38,trendinaliaGB,en,316 users and 389 tweets (246 RTs) in 6 days made 'Coutinho and Matip' a Trending Topic in United Kingdom. #trndnl
817314171142311936,2017-01-06 10:17:38,trendinaliaGB,en,@ToluLagos the 1st mention of 'Coutinho and Matip' appears on your TL. Now is Trending Topic in United Kingdom! #trndnl
817314159348121600,2017-01-06 10:17:35,HoltHarlequin56,en,Apple &amp; Mint https://t.co/4uZTbovbkx
817314150007377921,2017-01-06 10:17:32,StormWolfBE,en,@Pup_Matt weird... twitter doesn't show what post you're replying to. Well you can bite if you want. Just be careful with my bone. ;)
817314148610621440,2017-01-06 10:17:32,TheRealShubes,en,@farhanahaider @BBCNews hope he is in a #TikkaMasalaHEAVEN #WhiteTeeth #EastIsEast #WestIsWest #RIPOmPuri
817314143225151488,2017-01-06 10:17:31,billy0605macd,en,"@Sporf unlucky for villa , Spurs pen if it's tight free kicks we know the script!!!!.....üò°"
817314141132169217,2017-01-06 10:17:30,GlamourMagUK,en,"@BeneaththeBrush @AlexSteinherr It'll be soon, but in the meantime we've got the earlybird tickets if you want to take a chance."
817314132542296069,2017-01-06 10:17:28,choccieluvva,und,https://t.co/Sqrf5NJyu2
817314127957950464,2017-01-06 10:17:27,e_gibbon,en,"William of Tyre and Berytus, were humbly presented at the ceremony was intended for the errors which he was surprised into a distant and"
817314122048110592,2017-01-06 10:17:26,bennglazier,en,I endorse this quote @noblerotmag. https://t.co/OwSnb4hzar
817314116419407872,2017-01-06 10:17:24,ShoShallow,en,"Bitch niggas always bitching bout me üò¥ @ London, United Kingdom https://t.co/QFLCgeVKBN"
817314102246866944,2017-01-06 10:17:21,TanyaAGT,en,"it's quicker, easier and probably tastier to buy them from @DaBaraBakery 
Cinnamon buns - food Insider's Guide https://t.co/Ac62HzSWnX"
817314099751251968,2017-01-06 10:17:20,michel7113,en,"Free UK Classifieds Sites For Advertising Your Goods | Ninjads
    https://t.co/kqC1qqXiH9 https://t.co/uSy3wfiCC5"
817314098878775296,2017-01-06 10:17:20,BevH59,en,@spally76 @conorobrien98 good point there.
817314093614985221,2017-01-06 10:17:19,aishagani,en,"@kadhimshubber but it is also fair to ask whether his very active twitter activity has raised stakes. Again, we latch on to his tweets."
817314073536827392,2017-01-06 10:17:14,ellewadding,en,The shame of tweeting a tweet with a typo in üò≥@SoVeryBritish
817314073536823296,2017-01-06 10:17:14,phildobbie,en,The city already toadying up to the president elect https://t.co/HRpUFXLKgt
817314065852887040,2017-01-06 10:17:12,bymargaux,en,@nxcare so it is normal to pay more for a 1h coach journey in London than a 2H FLIGHT ? yeah sounds legit !
817314033221140481,2017-01-06 10:17:05,woudena,en,Profts at Och-Ziff hedgefund (found guilty of mass corruption in #DRC and #Zimbabwe) are down. No tears from me.‚Ä¶ https://t.co/sWfemMeJbO
817314026363310080,2017-01-06 10:17:03,voguemydear,en,London vlog is up to my YouTube channel: https://t.co/8eyXG3eW7Z üôåüèªüéÜüéûüé• #vlog‚Ä¶ https://t.co/YcXidcRmhw
817314018801152000,2017-01-06 10:17:01,JoinIHG,en,We've opened our first Hotel Indigo in Taiwan! https://t.co/YrJWmQpjMJ
817314015244419075,2017-01-06 10:17:00,_MervJnr,en,This song gasses me every time I see this video üï∫üèΩ https://t.co/6glnSDK7dv
817314012610301952,2017-01-06 10:17:00,louchjd,en,@musicMagpieCS is there a way on your systems you can combine the orders? I have all the details
817314011905671168,2017-01-06 10:17:00,Ray_O_Johnson,en,This 56-year-old woman is about to break another record in space https://t.co/oJ1Q5zWpT5
817313982927212544,2017-01-06 10:16:53,Turkeyjody,en,But first I have to pay @TfL over ¬£18k for the privilage! So the fat cats there can waste it all building the cross rail!
817313971653017600,2017-01-06 10:16:50,AltitudeCentre,en,Feeling slower post Xmas? Research shows Altitude Training can help blow away the cobwebs quicker! https://t.co/NFLTz56tee #AimHighTrainHigh
817313971644600320,2017-01-06 10:16:50,TalksLondon,en,This Sun @ 10.20am - Guide to Saner Living w/@Rubywax (¬£20) - https://t.co/nC9E9yjrMH #London
817313962018635776,2017-01-06 10:16:48,StirringTrouble,en,"@handklaver If a commercial operation is politically biased, it is destined to die."
817313959023874048,2017-01-06 10:16:47,MrSquidbeak,en,@LookieShow WOW thank you. I haven't been on Twitter in a while but nice to come back to something like that üòä big Thanks
817313952279437312,2017-01-06 10:16:45,FredLMJeditor,en,.@TheManufacturer If you're a manufacturer with an idea that needs funding @KTNUK can help. #ukmfg Read for more‚Ä¶ https://t.co/R5TJ9e86Mc
817313944415207425,2017-01-06 10:16:43,AldermoreBank,en,What day is it again? #FridayFeeling https://t.co/XlfTFj0X9z
817313944025100288,2017-01-06 10:16:43,shotscreative,en,Builders Club arrive at @RadicalMedia https://t.co/vwHav719MV.
817313940757745664,2017-01-06 10:16:43,StormchaserUKEU,en,Thanks for all the comments and reports guys keep them coming. ‚ùÑÔ∏è
817313931572215809,2017-01-06 10:16:40,Ray_O_Johnson,en,Nissan's SAM uses humans as a backup for self-driving tech https://t.co/nIxcc8JwqP
817313925989593088,2017-01-06 10:16:39,TeamNGN,en,@PaulTArkwright has the @UKinNigeria  raised any concerns about the killings of innocent people in Southern Kaduna?
817313920180436993,2017-01-06 10:16:38,traderedward,en,@SkyNewsNaz @SkyNews Spot on for Norfolk Nazaneen !  Always tune in to know what to expect and to see you of course ! Ed.
817313917412241408,2017-01-06 10:16:37,felicityjoyce,en,"Thanks @edsheeran for the new album, loved you since you free gig in barfly Camden 2011, enjoy this picture of us f‚Ä¶ https://t.co/FIQTjmEMPr"
817313917336580097,2017-01-06 10:16:37,trendinaliaGB,en,Trend Alert: 'Coutinho and Matip'. More trends at https://t.co/do7Hdxwcnc #trndnl https://t.co/M3KyMrIj8p
817313913578602496,2017-01-06 10:16:36,whatevillurks,en,"#EdSheeran on @RadioX on Monday with @ChrisMoyles  .
This will be so much better than the @BBCR1 interview"
817313904724426753,2017-01-06 10:16:34,craig_meehan,und,#TFIF
817313900437929984,2017-01-06 10:16:33,RacepointEurope,en,Are cyborgs really here? Wearable gadget lets you sense where North is via @guardiantech https://t.co/zxyM8WstUx
817313892988755968,2017-01-06 10:16:31,JJManagement,und,#ff @HTF_UK @BBCNews @unitedstates916 @uok2557uok @DJ_Gloss @levelupmotive @ShuttersongUK @UrVibrantFamily @UnstickNow @universoulawake
817313892028317696,2017-01-06 10:16:31,TenterdenDeals,en,Wonderful selection of fresh fish &amp; seafood @TenterdenMarket #Tenterden today. https://t.co/Tmaxmk0jU8
817313888601567232,2017-01-06 10:16:30,stewnotstu,und,@ganzneubei üòòüòòüòò
817313879592202240,2017-01-06 10:16:28,GEFFRYE,en,"Our Farewell to Christmas celebration is highlighted in @Londonist - starts 3.30pm today, come and join us! https://t.co/VorTD56HDI"
817313865000189952,2017-01-06 10:16:25,JamesCPeters,en,"I'm at Pease Pottage Motorway Services (Moto) - @motoway in Crawley, West Sussex https://t.co/SfoLyylbaR"
817313856469012480,2017-01-06 10:16:22,Sprocket_Cool,en,@DailyBailey_Dog @Barnie_Blossom @Toonpetz @TzuKingdom l cud see a similarly in the style &amp; thought she might be. We love our pic.
817313847736434688,2017-01-06 10:16:20,LondonWelshRFC,en,@GreyCourtTweets @RFUHomeTurf @richmondtimes Fantastic! Well done to all involved!
817313840731930624,2017-01-06 10:16:19,stewnotstu,en,@BListAtCapital I want us all in this. Apart from that I've not really thought about it. https://t.co/TR4qdI4Yba
817313840681615362,2017-01-06 10:16:19,VirtualJukebox,en,Sugar by Robin Schulz Featuring Francesco Yates is #nowplaying in Anytime Fitness.
817313838047625216,2017-01-06 10:16:18,BarryAlanHair,en,@cafrindorrell @misskemplet @K3FUS @agent_shave @emr_coach @PencilPR @WaringsStore @HoratioCreative have a good weekend! Xx
817313834348269568,2017-01-06 10:16:17,prettycityldn,en,Morning #prettycitylondon - lovely capture by @jessonthames üåøüê∂ @ Belgravia https://t.co/ogEej2ryjc
817313830548205568,2017-01-06 10:16:16,stephanooghtie,en,sub mass market records at issue !
817313814731456513,2017-01-06 10:16:13,BucksGearboxes,und,#BMW #ZF https://t.co/H0gT161FtF
817313806057619458,2017-01-06 10:16:10,rosie_mcgonigle,en,Life's a bitch and then you die that's why we get because you never know when your gonna go üôåüèª
817313795177586690,2017-01-06 10:16:08,matildaledwards,en,@mlle_elle haven't seen it yet but have had 7 different ppl message saying I'd love it/that it made them think of me. It's such a weird hype
817313787212533761,2017-01-06 10:16:06,MorterJon,en,"While We‚Äôre Going After Fake News, How About Ad Scams, Too? https://t.co/NyoNCXUjZ5 https://t.co/LObOrIAFtB"
817313785337745408,2017-01-06 10:16:06,StirringTrouble,en,@PaulinLondon7 Is it only on DAB?
817313779730051072,2017-01-06 10:16:04,Beyond_Bespoke,en,We curate the best #British Seville Orange #Marmalade products and the right equipment to do the job yourself‚Ä¶ https://t.co/zA8UQYzuSo
817313765318397952,2017-01-06 10:16:01,MZRAJIB,en,Fernando Llorente Another Remy Coming to Chelsea?stop this kind off nonsense #CFC
817313761962889217,2017-01-06 10:16:00,MonClapped,en,@StaycMaria same old Wenger üôÑ
817313755587547136,2017-01-06 10:15:58,CityUnscripted,en,When in Paris do like the locals do. Hope to find the crown in your slice of Galette de Rois ü§¥üèª#epifanie #Epiphany‚Ä¶ https://t.co/ikkGiODLW0
817313744254599168,2017-01-06 10:15:56,billyboymc1975,en,üòÇorder from the most corrupt firm in the uk luv ! Sorry but it's happened to loads #ubered look it up üëçüèª https://t.co/YyzsSfhslB
817313744091049984,2017-01-06 10:15:56,StripesBooks,en,"Calling all #RedEye fans! The forest will not forgive you if you miss @SharonGosling's Fir, available on @NetGalley‚Ä¶ https://t.co/wGw40aYdMR"
817313740618104832,2017-01-06 10:15:55,BQLive,en,"How we made sure Scotland‚Äôs oldest art gallery, @ScottishGallery, was fit and ready for the 21st century...‚Ä¶ https://t.co/q61N3VUTGy"
817313736654516228,2017-01-06 10:15:54,TrendsUK,en,"#edsheeranreturns is now trending in United Kingdom

https://t.co/k8SHnqRiCV https://t.co/L53eTWsaBD"
817313723962494978,2017-01-06 10:15:51,Ray_O_Johnson,en,Samsung expects a rise in profit thanks to chips and OLED https://t.co/IOByieE5Ze
817313720997126144,2017-01-06 10:15:50,louisjdr,en,I'm taking a train tonight. Should I create a poll about what to drink onboard?
817313695256760320,2017-01-06 10:15:44,LloydDavis,en,A semblance of order @ London Capital Club https://t.co/IKggMwFVkp
817313689606950913,2017-01-06 10:15:43,MrWOS,en,@Queen_UK Oh Betty you're still alive
817313689133076480,2017-01-06 10:15:43,RoghobC,en,https://t.co/Mx9RnVoldA #cork #irelandssouthernpowerhouse great job @teamwork looking forward to getting down in a week or two #lovecork
817313679205076993,2017-01-06 10:15:40,seenandheard2,en,"FUCK
#BBC"
817313675421908993,2017-01-06 10:15:39,GlamourMagUK,en,"@janita_b Haha, I've just tested it on mine and it definitely does. Happy reading! Kat"
817313674293628932,2017-01-06 10:15:39,fiftytwobook,und,https://t.co/feaA1foLgy
817313669365301248,2017-01-06 10:15:38,BIGGIEsmalls147,en,I wonder if you can sue a bitch you used to talk to for wasting yo'time and yo'money..
817313668576776196,2017-01-06 10:15:38,FelixFruitnet,en,"üçìCheck this out!!! ü§óNew #GBC2017 web https://t.co/5HpZLQshk8, is looking GREAT!! Def the place to be if you are in‚Ä¶ https://t.co/DgrQaQ8iQ1"
817313665091305472,2017-01-06 10:15:37,SerrulaResearch,en,"Have that #FridayFeeling? Get paid cash to take part in a #Survey, #FocusGroup &amp; #MarketResearch in #London and #UK‚Ä¶ https://t.co/dpvRSEnXPK"
817313649815617536,2017-01-06 10:15:33,mmussirah,en,For the 1st week of 2017 I haven't left my house
817313630832263168,2017-01-06 10:15:29,ClaireGatens,en,Fantastic show last night @PalladiumLondon watching @AmandaHolden @JulianClary @paulzerdin &amp;co @Cinderella_LDN would love to go back tonight
817313597693054977,2017-01-06 10:15:21,TrendiSwitch,en,Looking #trendi #definedbydesign https://t.co/mVqq45qogJ
817313581716934656,2017-01-06 10:15:17,fiftytwobook,en,GREAT song playing on @WLFpodcast Radio right now!
817313579531702272,2017-01-06 10:15:16,aishagani,en,@kadhimshubber this is of course extreme end of the scale. It's true we already know value of high-profile twitter accounts to hackers.
817313571205971970,2017-01-06 10:15:14,sharonfeinstein,en,Love @TheEconomist comment Teresa Maybe
817313568798412800,2017-01-06 10:15:14,MakeupAna,en,Behind the scenes Today on @loveLOLAmakeup SS16 collection helping the fab @makeupbylouisec on‚Ä¶ https://t.co/1Aifnz4U7R
817313563698196484,2017-01-06 10:15:13,stowmarkethaart,en,Meet the team! https://t.co/AbNSYcS8bt
817313556681158656,2017-01-06 10:15:11,ellewadding,en,@dytham ha ha!  (Still cringing from the typo actually)
817313550154821632,2017-01-06 10:15:09,DawnFarerr,de,"#ff @vanillaweb (https://t.co/hWPENMNWKf),@west_malling (West Malling News),@AndyPennefather (Sportswriter)"
817313549718581248,2017-01-06 10:15:09,1Brunty,en,Can't wait now. This time tomorrow will be playing @vale_do_lobo ‚òÄÔ∏è‚õ≥üèåÔ∏èüòé #titleistfootjoymatchplay
817313543154499584,2017-01-06 10:15:08,TheChelseaLady,en,Charly Musonda's father reveals Chelsea star has offer from title contenders https://t.co/3gv7x1z7xx via @Metro_Sport #CFC
817313537651515392,2017-01-06 10:15:06,MilenaBuyum,en,Two ppl remanded in pre-trial detention under art 299 of TPC for social media posts  that criminalises 'insulting t‚Ä¶ https://t.co/6Qkxo5hulq
817313535567032320,2017-01-06 10:15:06,compressorsltd,en,"Would a new compressor benefit you this New Year? 
Give us a call: 01773 836 816.
#happytohelp #compressedair #NewYear"
817313534866583552,2017-01-06 10:15:06,chicmiapp,en,"Coming up in London from @VintageLondonFF! London Vintage Fashion, Textiles &amp; Accessories Fair https://t.co/AZ9esqX79x"
817313516034068480,2017-01-06 10:15:01,Joedavenportt,en,Mates out flat hunting for us found a spot on flat but the fact he's about 7ft don't help https://t.co/vcFUNxmDmq
817313502381674497,2017-01-06 10:14:58,CalmerClinics,en,Amazing #MoroccanBeardRitual by Ahmed at @dolphin_square!
817313500494200832,2017-01-06 10:14:58,Mzakwann,en,"I'm at @CostaCoffee in London, Greater London https://t.co/ennEZw0hYu"
817313486216826880,2017-01-06 10:14:54,GlamourMagUK,en,"@heathcote_anna Those are our amazing American counterparts at @glamourmag ‚Äì it's an incredible cover, you're quite right! Kat"
817313481112297472,2017-01-06 10:14:53,ElliottPoulter,en,"@steveshorter @rickygervais heartbreakingly, yes. https://t.co/fmXpkJgfeD"
817313465979338753,2017-01-06 10:14:49,AnnieDreaXO,en,@LoveSarae happy birthday baby love üíï
817313462296702977,2017-01-06 10:14:49,ShareOurStyle,en,There's many reasons to love Kate Spade's quirky style https://t.co/4zSRW9dStM #FridayFeeling #LFWM‚Ä¶ https://t.co/TQleVTUEr8
817313461143240705,2017-01-06 10:14:48,LeeDaunt,en,@lena_iksar friends ??
817313445485936644,2017-01-06 10:14:45,SiangaMac,en,@siobhanese looollll trust üò≠
817313445322391552,2017-01-06 10:14:44,stephanooghtie,en,reckless recordlabel have ?
817313427383263232,2017-01-06 10:14:40,dinoboy89,en,"@APredatoryWasp @DiscreetLatino 

Jeff Buckley's Hallelujah"
817313386442739712,2017-01-06 10:14:30,EmDoncaster_,en,I'm 6 days into dry January &amp; I NEED to go out tonighttttt!!!!
817313384597225472,2017-01-06 10:14:30,andywash,en,@rpn10 Only caught the end of his call to.  @BBCRadioLondon He said he promotes gigs at @BBowlLondon inc 1 on 10th. Can find nothing else
817313384123207681,2017-01-06 10:14:30,StirringTrouble,en,@iFortknox Talk Radio.
817313379236843520,2017-01-06 10:14:29,frankegormley,en,The news for Cape Town just gets better and better @StudentathomeCT @TechlincSA @HotelMRP @ThePresidentCT  https://t.co/h8w6fpiOU7
817313378649645056,2017-01-06 10:14:29,LMJ_112,en,"‚ö°Ô∏è ‚ÄúRussian military pulling forces out of Syria‚Äù

https://t.co/gROMMoIjgq"
817313374346285060,2017-01-06 10:14:28,jasminerose47,en,"Sometimes we come into a person's life not to make them love us, but to let them feel that they're so much worth loving for."
817313341936910336,2017-01-06 10:14:20,FionaStephensHR,en,#ukmetis @metiswomenuk . Here in Ashford for my first meeting. üòä Fabulous venue Kennington Hall. https://t.co/SJZ1z8850a
817313338849984512,2017-01-06 10:14:19,JDSeb,en,"You caught me at a time when I was battered and bruised, had my spark stolen and my heart broken, you was the only one with the toolsüëåüèΩüëåüèΩüé∏üéß"
817313332101320704,2017-01-06 10:14:17,etf_partners,en,"Impact investing is really coming of age, though work still to do!

https://t.co/JyAXJx6Nq7"
817313318914367488,2017-01-06 10:14:14,GCANCELLO,en,@Iromg It wasn't suited guys fighting each other in my carriage on the Jubilee Line after Millwall lost last seasons play off final.
817313316880130048,2017-01-06 10:14:14,BrilliantBxnno,und,ly @rxbbxe üòÇüòò https://t.co/Urx8i2oeCY
817313309754068992,2017-01-06 10:14:12,pony_detectives,en,"Inspiring books for children 7-11 who love fun, adventure pets and ponies
https://t.co/m7ruLxAZ9I

#equine #horses‚Ä¶ https://t.co/LqpGQaX7Gg"
817313303517102080,2017-01-06 10:14:11,KhawarMalikUK,en,Great team effort üò≥: London breaches annual air pollution limit for 2017 in just five days https://t.co/gLhdDZb4mZ
817313299637342208,2017-01-06 10:14:10,thisisjulesw,en,Hey London! -2. Meh. https://t.co/lr1KXKMhT8
817313298513362945,2017-01-06 10:14:09,flowersdothat,en,Introduce your baby with beautiful blooms. Images by @meghan_Lorna https://t.co/lRKpsB101H https://t.co/Xif3MRhw9x
817313268968685568,2017-01-06 10:14:02,NinaFinbow,en,"Happy Weekebd to you &amp; all your readers, writers &amp; folowers @henpickednet @janedavis2015 @anniesinaband"
817313259455938560,2017-01-06 10:14:00,kevmartin01,en,@Run_costa @kel_wickens @atgarrod @ls4a535 üòÇüòÇüòÇ you love it Steve!
817313252778590208,2017-01-06 10:13:59,lee6169,en,"Happy Birthday to my wonderful husband, my best friend, my soulmate, love you always &amp; forever ‚ù§Ô∏èüéÇüòò‚ù§Ô∏è@Milts25‚Ä¶ https://t.co/EbhcvcfIVo"
817313241072304130,2017-01-06 10:13:56,SpacePirate86,en,@zander_tweets @TheBiancaDelRio oh you will. Make sure you have a tissue for the #safetywipe
817313230620164096,2017-01-06 10:13:53,bennytaylor1984,en,@benleeds @RaLUFC @WACCOE üòÇüòÇüòÇ perfectly chilled pal just small chat that's all
817313230003535873,2017-01-06 10:13:53,StirringTrouble,en,Why on earth does The Spectator give a platform in every issue to three hacks from the Murdoch stable? They are enemies of Britain. #media
817313210902708224,2017-01-06 10:13:49,compressorsltd,en,"This week has gone quick! 
#FridayFeeling"
817313206695645184,2017-01-06 10:13:48,MartineMcAuley,en,London baby ‚úà @ Chinatown London https://t.co/u1Yfs9QsOE
817313201431920640,2017-01-06 10:13:46,JamesBesanvalle,en,@nusardel happy birthday mom
817313200916074496,2017-01-06 10:13:46,PTAlanSwann,en,The interview in the printed version of the mail is different to the one I just tweeted #65p #bargain
817313192040919041,2017-01-06 10:13:44,DarronFromDnLs,en,When you're running late but see old ppl at the zebra crossing .... https://t.co/fZMJv9jEAH
817313183140560896,2017-01-06 10:13:42,TititiTututu,en,"Work: Portfolio Illustration
brief: Designlab

#monkey, #design, #gradients, #pink, #bike,‚Ä¶ https://t.co/OBpi7urDZp"
817313182020726784,2017-01-06 10:13:42,Holden_Rosie,en,@TheAPartnership @TheAPartnership I had the same predicament with mulled wine truffles left from Christmas... I decided that it didn't...
817313178182942720,2017-01-06 10:13:41,ajf01923,en,"Won the lot. What a man...
#CFC https://t.co/W3HBuEs0bH"
817313178153549824,2017-01-06 10:13:41,BedaseeA,en,@TLRailUK doesn't help the fact that myself alon with 500 other passenger had to sit on a freezing train for well over an hour!
817313177801281536,2017-01-06 10:13:41,TrendsUK,en,"#epiphany is now trending in United Kingdom

https://t.co/EgivhdsBPo https://t.co/yy1KkVP0cH"
817313147782569984,2017-01-06 10:13:34,ThePople,en,Need to ease up on that new facial scrub. People keep asking how was it on the slopes...
817313144536186881,2017-01-06 10:13:33,DJ_HILLY,en,Loved my Christmas present of the ol dear üòÅ #lionking #london #theatre #lyceum #hakunamatata‚Ä¶ https://t.co/fXjyh6B2Kd
817313139796615168,2017-01-06 10:13:32,GlamourMagUK,en,"@alimayx That's fantastic to hear, thank you! If you get hooked and want more, try these https://t.co/K0NPamUZIB"
817313138290860032,2017-01-06 10:13:31,shotscreative,en,Abey heads to Skunk London https://t.co/dhc5oW8lrF
817313111740993537,2017-01-06 10:13:25,VisualistKay,en,Kumasi &gt; Accra &gt; London &gt; Amsterdam &gt; Utrecht &gt; Brussles - The last 3 weeks have been mad..... 2017 ready!!!!
817313105852137472,2017-01-06 10:13:24,GonzoSteele,en,Trolling sales calls is possibly my favourite thing to do
817313105411706884,2017-01-06 10:13:23,_box2box,en,This PSG shirt... https://t.co/6EXV3EXd6O https://t.co/PlZr3HyygS
817313104967168001,2017-01-06 10:13:23,EliteCourtesans,en,@xBritishBlondex @FearlessFred they are very hot ladies indeed and sadly we turn a lot more away for the simple reason that we are honest.
817313097530609664,2017-01-06 10:13:22,axelandring,en,"Mornings on Brick Lane be like

#beigelbake #beigel #bagel #saltbeef #food #foodporn #meat‚Ä¶ https://t.co/WISloBssLt"
817313093462196224,2017-01-06 10:13:21,LizzieMastersUK,en,The joy of reading physical books explored in @thetimes today featuring our #FiveGo success https://t.co/wxdtDIxYa2
817313085623046144,2017-01-06 10:13:19,StormWolfBE,en,"@PupSpunk it is! I'm quite happy with it. ;) 

@ClonezoneEC"
817313083781709824,2017-01-06 10:13:18,AGlasgowGirl,en,Honestly misogyny is harder to spell than it is to dismantle is my problematic opinion of the day
817313077125410817,2017-01-06 10:13:17,aishagani,en,"@kadhimshubber he's using differently. His tweets have very immediate impact. We report every one of his tweets. On that basis, stakes high"
817313076412289024,2017-01-06 10:13:17,clvenue,en,Looking for a new challenge? We're recruiting for a HR Officer &amp; Assistant to the Bursar. Closing date: 6 Feb #jobs‚Ä¶ https://t.co/EhAsWfcplk
817313070959697920,2017-01-06 10:13:15,trustinstinct,en,#People are the #difference between #success and #extraordinary #success! We have the right people! Visit https://t.co/GoQJKFaH3m  #Careers
817313048906072064,2017-01-06 10:13:10,stephanooghtie,en,its business to tranfer !